,mean,sd,eti89_lb,eti89_ub,ess_bulk,ess_tail,r_hat,mcse_mean,mcse_sd
"alpha[0, 0]",25,7.1,16,37,1151,470,1.00,0.21,0.26
"alpha[0, 1]",19.4,7.3,9.8,33,818,967,1.00,0.25,0.32
"alpha[0, 2]",17.2,4.3,11,24,1485,698,1.00,0.12,0.13
"alpha[0, 3]",20.9,6,14,30,904,943,1.00,0.23,0.59
"alpha[0, 4]",23,8.5,14,39,1115,826,1.00,0.27,0.35
"alpha[0, 5]",20.1,8.3,11,36,1579,654,1.00,0.25,0.31
"alpha[0, 6]",21,8.1,12,36,1323,679,1.00,0.23,0.31
"alpha[0, 7]",14.8,4.9,8.5,23,1436,811,1.00,0.14,0.17
"alpha[0, 8]",20.8,6.5,14,33,1071,911,1.00,0.22,0.28
"alpha[0, 9]",14.3,4.3,8.5,22,1461,748,1.00,0.12,0.11
"alpha[0, 10]",20.4,5.8,13,31,1000,715,1.00,0.21,0.28
"alpha[0, 11]",21.5,7.5,13,35,1425,818,1.00,0.2,0.23
"alpha[0, 12]",12.2,7.4,3.1,25,922,732,1.00,0.23,0.33
"alpha[0, 13]",22.9,7.6,15,35,1386,697,1.00,0.22,0.33
"alpha[0, 14]",23.7,8,15,38,707,597,1.00,0.3,0.56
"alpha[0, 15]",12.7,4.2,7.2,21,1205,788,1.00,0.13,0.12
"alpha[0, 16]",6,9,0.6,26,47,34,1.04,1.9,2.7
"alpha[0, 17]",19.6,6.8,12,32,1336,833,1.00,0.21,0.27
"alpha[0, 18]",12.4,7.2,4.4,25,696,662,1.00,0.23,0.38
"alpha[0, 19]",14.2,7.8,6.9,28,1151,696,1.00,0.26,0.39
"alpha[0, 20]",24.8,8.8,15,42,2040,604,1.01,0.23,0.27
"alpha[0, 21]",20.7,8.6,12,37,1493,858,1.00,0.25,0.35
"alpha[0, 22]",19.3,8.7,11,36,1151,738,1.00,0.29,0.45
"alpha[0, 23]",21.4,8.5,13,38,1316,747,1.00,0.27,0.34
"alpha[0, 24]",21.2,8.2,13,36,1152,761,1.00,0.26,0.41
"alpha[0, 25]",22.9,6.8,15,35,983,827,1.00,0.23,0.26
"alpha[0, 26]",21.3,7.2,14,34,1322,940,1.00,0.21,0.33
"alpha[0, 27]",29.2,7.9,21,43,1552,923,1.00,0.21,0.28
"alpha[0, 28]",22,9.9,12,40,1076,632,1.00,0.3,0.48
"alpha[0, 29]",22.4,9.2,12,39,1671,794,1.01,0.24,0.26
"alpha[0, 30]",17.2,8.1,9,32,1251,793,1.00,0.23,0.38
"alpha[0, 31]",15,5.8,7.9,25,949,692,1.01,0.19,0.28
"alpha[0, 32]",20.6,9.2,9.4,37,992,679,1.00,0.29,0.3
"alpha[0, 33]",14.3,7.4,6.2,27,938,676,1.00,0.24,0.34
"alpha[0, 34]",30.9,11,18,50,1250,763,1.00,0.31,0.46
"alpha[0, 35]",14.7,7.8,7,29,1685,922,1.00,0.23,0.3
"alpha[0, 36]",24.5,8.9,15,39,1326,700,1.00,0.28,0.48
"alpha[0, 37]",17.5,8.2,9.2,32,1561,831,1.00,0.25,0.37
"alpha[0, 38]",20.9,7.6,13,34,1355,794,1.00,0.23,0.39
"alpha[0, 39]",13.4,4.4,7.3,21,1397,715,1.00,0.12,0.12
"alpha[0, 40]",21.3,8.2,13,37,1151,723,1.00,0.28,0.35
"alpha[0, 41]",10.7,3.7,5.6,17,1821,928,1.00,0.091,0.078
"alpha[0, 42]",13.4,4.1,7.6,20,1522,732,1.01,0.11,0.11
"alpha[0, 43]",8.8,4.4,3.9,16,1018,700,1.00,0.15,0.28
"alpha[0, 44]",13.8,6.4,7.2,24,1050,861,1.00,0.21,0.43
"alpha[0, 45]",28,8.2,19,43,1136,779,1.00,0.27,0.33
"alpha[0, 46]",28.8,8.4,19,45,1332,895,1.00,0.25,0.26
"alpha[0, 47]",25.5,6.5,18,37,1096,625,1.00,0.22,0.26
"alpha[0, 48]",19.4,7.1,12,33,595,605,1.00,0.29,0.34
"alpha[0, 49]",25.9,9.8,15,44,1466,652,1.00,0.31,0.43
"alpha[0, 50]",24.2,8.2,15,40,1690,715,1.00,0.24,0.29
"alpha[0, 51]",31.8,9.1,22,49,1371,724,1.00,0.28,0.32
"alpha[0, 52]",24.8,9.2,15,40,1491,950,1.00,0.27,0.46
"alpha[0, 53]",27.3,13,12,50,1324,617,1.00,0.4,0.65
"alpha[0, 54]",25.7,7.4,17,39,1517,707,1.00,0.21,0.25
"alpha[0, 55]",35,13.2,19,60,1648,857,1.00,0.34,0.35
"alpha[0, 56]",19.5,9.4,9.7,37,1687,913,1.00,0.25,0.39
"alpha[0, 57]",26.5,8.6,18,41,1016,619,1.00,0.3,0.4
"alpha[0, 58]",27.1,9.1,17,44,1443,766,1.00,0.27,0.33
"alpha[0, 59]",16.6,4.6,10,25,1379,592,1.00,0.12,0.12
"alpha[0, 60]",20.8,7.3,13,34,1075,811,1.00,0.22,0.36
"alpha[0, 61]",23.3,6.4,16,35,1013,780,1.00,0.22,0.29
"alpha[0, 62]",26.3,8,18,39,913,635,1.00,0.3,0.88
"alpha[0, 63]",27.8,9.6,17,46,1594,825,1.00,0.26,0.27
"alpha[0, 64]",32.1,10.1,21,50,1427,814,1.00,0.28,0.37
"alpha[0, 65]",20.6,9.1,7.1,36,623,586,1.00,0.34,0.4
"alpha[0, 66]",13.1,4.7,7.7,20,1028,650,1.00,0.16,0.28
"alpha[0, 67]",25.4,9.6,14,43,1722,896,1.00,0.26,0.34
"alpha[0, 68]",32.4,10.5,21,51,1435,735,1.01,0.32,0.36
"alpha[0, 69]",51.5,12.5,34,73,1749,808,1.00,0.3,0.25
"alpha[0, 70]",29.8,11.1,17,51,1667,547,1.00,0.36,0.42
"alpha[0, 71]",22.4,6.5,14,34,980,737,1.00,0.22,0.28
"alpha[0, 72]",25,6.3,17,37,1006,853,1.00,0.2,0.24
"alpha[0, 73]",26.6,9.7,15,46,2186,744,1.01,0.24,0.24
"alpha[0, 74]",25.4,6.7,17,38,994,740,1.00,0.23,0.31
"alpha[0, 75]",25.9,7.7,17,39,888,643,1.00,0.24,0.41
"alpha[0, 76]",28.7,8.7,20,45,1289,803,1.00,0.28,0.42
"alpha[0, 77]",26.8,9,17,44,1505,860,1.00,0.25,0.26
"alpha[0, 78]",30.4,8,22,44,1128,833,1.00,0.26,0.45
"alpha[0, 79]",29.1,9.5,19,46,1619,748,1.00,0.28,0.38
"alpha[0, 80]",19.6,8.2,11,35,1776,751,1.00,0.22,0.3
"alpha[0, 81]",26.9,9.6,16,45,1379,805,1.00,0.28,0.38
"alpha[0, 82]",16,6.1,8.4,26,910,894,1.00,0.21,0.27
"alpha[0, 83]",27.2,6.4,19,39,1595,874,1.00,0.17,0.19
"alpha[0, 84]",28,8,19,44,1755,781,1.00,0.21,0.26
"alpha[0, 85]",21,7.7,13,34,1267,764,1.00,0.25,0.4
"alpha[0, 86]",15.5,7.2,8.6,29,1277,780,1.00,0.23,0.38
"alpha[0, 87]",29.3,8.4,20,45,1717,798,1.01,0.24,0.33
"alpha[0, 88]",25.5,10.3,14,44,1698,751,1.00,0.26,0.3
"alpha[0, 89]",26.4,9,16,42,1212,580,1.00,0.31,0.55
"alpha[0, 90]",23.9,8.3,15,40,1950,642,1.00,0.25,0.3
"alpha[0, 91]",24.6,5.9,16,35,1708,722,1.00,0.15,0.13
"alpha[0, 92]",23,9,14,38,1281,838,1.00,0.31,0.55
"alpha[0, 93]",25.8,9.2,16,43,1505,827,1.00,0.27,0.39
"alpha[0, 94]",18.2,5.4,11,28,862,826,1.00,0.19,0.25
"alpha[0, 95]",21.6,7.9,13,37,1404,656,1.00,0.24,0.32
"alpha[0, 96]",27.3,8.5,18,42,1199,759,1.00,0.27,0.4
"alpha[0, 97]",27.7,9.2,17,44,1301,792,1.00,0.26,0.38
"alpha[0, 98]",25.2,8,17,40,1080,714,1.00,0.29,0.56
"alpha[0, 99]",20.3,9,11,37,1532,781,1.00,0.26,0.35
"alpha[0, 100]",20.8,7.7,12,35,1108,828,1.00,0.22,0.3
"alpha[0, 101]",10.6,3.4,5.9,17,1282,598,1.00,0.11,0.094
"alpha[0, 102]",21.3,8.4,12,37,940,705,1.00,0.29,0.37
"alpha[0, 103]",16,6.7,8.1,28,1260,801,1.00,0.22,0.3
"alpha[0, 104]",24.3,7.4,16,36,1285,780,1.00,0.22,0.36
"alpha[0, 105]",25.4,7.5,17,39,1255,725,1.00,0.21,0.29
"alpha[0, 106]",25.4,8.1,17,40,1099,713,1.00,0.25,0.32
"alpha[0, 107]",24.2,8.2,15,39,1223,840,1.00,0.24,0.32
"alpha[0, 108]",30.3,7.8,22,44,1071,814,1.00,0.28,0.41
"alpha[0, 109]",15.8,8.4,7,32,1749,834,1.00,0.22,0.33
"alpha[0, 110]",24.9,9.4,14,41,1615,1022,1.00,0.26,0.32
"alpha[0, 111]",19.9,7.6,12,34,1309,858,1.00,0.22,0.33
"alpha[0, 112]",19.6,5.4,13,29,1360,782,1.00,0.14,0.12
"alpha[0, 113]",17.7,6.4,11,28,976,810,1.00,0.21,0.3
"alpha[0, 114]",16.1,7.6,8.5,30,855,506,1.00,0.23,0.36
"alpha[0, 115]",16.2,4.3,10,24,1968,792,1.00,0.1,0.12
"alpha[0, 116]",19.4,7.9,11,34,1172,656,1.00,0.25,0.31
"alpha[0, 117]",29.2,9.1,19,46,1195,730,1.00,0.29,0.47
"alpha[0, 118]",16,7.9,8.1,31,1448,934,1.00,0.22,0.29
"alpha[0, 119]",26,10.1,14,46,1615,766,1.00,0.27,0.32
"alpha[0, 120]",17.4,6.9,11,30,1058,586,1.00,0.25,0.48
"alpha[0, 121]",16.5,9.2,7.2,32,1218,763,1.00,0.3,0.41
"alpha[0, 122]",17.1,8.4,8.6,32,1481,729,1.00,0.24,0.3
"alpha[0, 123]",24.5,7.8,16,38,1218,827,1.00,0.24,0.35
"alpha[0, 124]",27,6.1,20,38,1471,725,1.00,0.18,0.22
"alpha[0, 125]",24.5,7.6,16,38,1237,820,1.00,0.22,0.29
"alpha[0, 126]",26.3,9,17,43,1200,776,1.00,0.29,0.38
"alpha[0, 127]",20.7,7.9,12,37,1449,774,1.00,0.25,0.31
"alpha[0, 128]",22.3,7.3,14,36,1161,975,1.00,0.22,0.33
"alpha[0, 129]",16.8,7.6,8.4,30,1530,677,1.00,0.23,0.29
"alpha[0, 130]",15.5,9.1,6.5,33,1605,655,1.00,0.26,0.36
"alpha[0, 131]",24.4,10,13,43,1508,883,1.00,0.25,0.31
"alpha[0, 132]",14.6,8.2,6,31,1520,691,1.00,0.21,0.23
"alpha[0, 133]",16,8.5,7.3,33,1471,766,1.00,0.26,0.34
"alpha[0, 134]",17.1,8.2,8.7,32,1315,665,1.00,0.26,0.39
"alpha[0, 135]",25.1,7.3,17,38,1286,729,1.01,0.21,0.29
"alpha[0, 136]",24.4,8.8,15,39,1733,850,1.00,0.24,0.36
"alpha[0, 137]",18.7,8,10,34,1722,790,1.01,0.26,0.37
"alpha[0, 138]",20.9,8.7,12,38,1283,594,1.00,0.3,0.32
"alpha[0, 139]",10.5,4.8,5.3,19,1153,789,1.00,0.15,0.24
"alpha[0, 140]",23.9,9.8,13,42,1824,734,1.01,0.28,0.32
"alpha[0, 141]",23.9,9.4,14,43,1369,848,1.00,0.26,0.33
"alpha[0, 142]",16.3,6.8,9.3,29,1266,959,1.00,0.19,0.26
"alpha[0, 143]",4.7,3.4,0.87,11,956,652,1.00,0.12,0.18
"alpha[0, 144]",21.9,9.6,11,40,1670,762,1.00,0.25,0.29
"alpha[0, 145]",26.6,8.4,18,41,1207,858,1.00,0.27,0.42
"alpha[0, 146]",22.3,8.3,13,38,1322,822,1.00,0.26,0.29
"alpha[0, 147]",21.2,7.7,13,36,1102,743,1.00,0.26,0.41
"alpha[0, 148]",18.2,7.2,9.2,31,659,400,1.01,0.26,0.29
"alpha[0, 149]",26.5,9.7,16,43,1288,625,1.00,0.31,0.46
"alpha[0, 150]",14.8,5.9,8,26,717,614,1.00,0.21,0.22
"alpha[0, 151]",20.9,9.1,11,38,1435,857,1.00,0.25,0.25
"alpha[0, 152]",19.5,7.7,11,35,1095,704,1.01,0.23,0.26
"alpha[0, 153]",32.8,10,23,49,1297,629,1.00,0.33,0.56
"alpha[0, 154]",7.9,3.1,3.7,13,2067,764,1.01,0.066,0.061
"alpha[0, 155]",14.6,7.2,7.5,28,1616,836,1.00,0.2,0.27
"alpha[0, 156]",24,8,15,40,975,648,1.00,0.28,0.31
"alpha[0, 157]",22.1,9.7,12,39,1482,747,1.00,0.27,0.39
"alpha[0, 158]",17,5.2,10,26,1879,553,1.00,0.12,0.12
"alpha[0, 159]",17.3,7.3,9.5,30,1109,830,1.00,0.22,0.3
"alpha[0, 160]",21.7,7.5,14,35,1044,609,1.00,0.25,0.35
"alpha[0, 161]",15.7,8,7.4,31,1199,836,1.00,0.23,0.28
"alpha[0, 162]",17.8,6.1,11,29,1001,770,1.00,0.21,0.31
"alpha[0, 163]",20.2,5.7,13,30,1223,669,1.00,0.17,0.25
"alpha[0, 164]",16.4,7.4,8.8,31,1233,722,1.00,0.24,0.3
"alpha[0, 165]",26.4,10.9,13,47,1715,883,1.00,0.27,0.28
"alpha[0, 166]",9.3,4,4.6,16,1201,887,1.00,0.12,0.17
"alpha[0, 167]",4.02,1.8,1.7,7.3,1649,781,1.00,0.044,0.043
"alpha[0, 168]",15.1,6.9,8.2,28,1321,825,1.00,0.19,0.27
"alpha[0, 169]",21.8,7.2,14,35,848,816,1.00,0.25,0.41
"alpha[0, 170]",16.8,6.3,9,28,773,690,1.00,0.22,0.27
"alpha[0, 171]",13.2,5.6,7.1,24,759,753,1.00,0.21,0.28
"alpha[0, 172]",9.7,6.4,2.7,21,554,877,1.00,0.26,0.38
"alpha[0, 173]",22.2,8.1,14,37,1343,724,1.00,0.28,0.41
"alpha[0, 174]",11.8,5.8,6,23,1000,759,1.00,0.2,0.31
"alpha[0, 175]",21.1,9,12,37,1413,1009,1.00,0.27,0.5
"alpha[0, 176]",15.1,8,7.3,29,1183,737,1.00,0.24,0.55
"alpha[0, 177]",4.1,2.3,1.3,8.1,2120,691,1.00,0.053,0.052
"alpha[0, 178]",7.7,3,3.7,13,2236,838,1.00,0.063,0.06
"alpha[0, 179]",18.4,8,11,34,1291,795,1.00,0.25,0.42
"alpha[0, 180]",17.7,8.9,8.7,33,1400,703,1.00,0.29,0.49
"alpha[0, 181]",16,7.9,8.1,31,955,690,1.00,0.25,0.32
"alpha[0, 182]",16.4,7.7,8.4,31,1576,818,1.00,0.21,0.23
"alpha[0, 183]",20.3,6.5,12,31,1230,823,1.00,0.19,0.28
"alpha[0, 184]",19.1,8.1,11,35,1445,847,1.00,0.23,0.3
"alpha[0, 185]",18,6.4,9.4,29,1878,798,1.00,0.14,0.13
"alpha[0, 186]",15.9,5.1,9.9,24,1098,713,1.00,0.17,0.26
"alpha[0, 187]",25.2,8,16,39,1354,765,1.00,0.24,0.36
"alpha[0, 188]",21.5,8,13,35,1186,761,1.00,0.28,0.47
"alpha[0, 189]",17.1,6.6,10,29,772,705,1.01,0.24,0.27
"alpha[0, 190]",26.1,8.1,16,41,1141,714,1.00,0.24,0.24
"alpha[0, 191]",21.6,7.5,13,35,1607,650,1.01,0.21,0.26
"alpha[0, 192]",23.9,8.4,15,39,1222,693,1.00,0.24,0.31
"alpha[0, 193]",22.8,7.7,14,37,1376,990,1.00,0.24,0.36
"alpha[0, 194]",23.8,9,14,39,1179,655,1.01,0.31,0.4
"alpha[0, 195]",10.9,5.2,5.1,20,868,761,1.00,0.18,0.3
"alpha[0, 196]",20.3,8.2,11,36,984,806,1.00,0.27,0.34
"alpha[0, 197]",16.8,7.1,9.2,31,2026,785,1.00,0.17,0.19
"alpha[0, 198]",22.9,8.8,14,40,1401,610,1.00,0.27,0.29
"alpha[0, 199]",18.6,7.4,11,31,923,785,1.00,0.25,0.49
"alpha[0, 200]",15.4,4.4,9.6,22,1659,904,1.00,0.11,0.14
"alpha[0, 201]",20.3,8.7,11,36,1413,866,1.00,0.24,0.3
"alpha[0, 202]",25.3,9.4,14,43,1817,791,1.00,0.26,0.26
"alpha[0, 203]",21.7,8,12,35,1030,834,1.00,0.23,0.34
"alpha[0, 204]",14.5,5.7,8.2,24,897,552,1.00,0.21,0.32
"alpha[0, 205]",26.5,7.2,18,39,778,694,1.00,0.27,0.32
"alpha[0, 206]",26.7,11.2,14,47,1285,755,1.00,0.34,0.38
"alpha[0, 207]",16.4,4.6,11,24,1149,661,1.01,0.14,0.21
"alpha[0, 208]",24.8,7.7,16,38,1109,881,1.00,0.23,0.37
"alpha[0, 209]",28.6,8,20,42,794,625,1.00,0.29,0.51
"alpha[0, 210]",22.1,7,14,33,994,805,1.00,0.26,0.64
"alpha[0, 211]",14.7,8,6.2,29,1589,754,1.00,0.22,0.31
"alpha[0, 212]",14.1,4.8,8.5,22,936,822,1.00,0.18,0.2
"alpha[0, 213]",9.9,6.3,2,20,1023,835,1.00,0.19,0.26
"alpha[0, 214]",14.8,7,7.7,28,1378,723,1.00,0.2,0.26
"alpha[0, 215]",21.2,10.2,10,40,1279,751,1.00,0.31,0.38
"alpha[0, 216]",15.5,4.6,9.5,24,1988,857,1.00,0.11,0.1
"alpha[0, 217]",25.2,10.1,14,45,1587,707,1.00,0.27,0.29
"alpha[0, 218]",7.7,3,3.8,13,1439,752,1.00,0.1,0.14
"alpha[0, 219]",25.8,8.7,15,42,1555,924,1.00,0.25,0.27
"alpha[0, 220]",19.2,9.2,9.9,34,1580,597,1.00,0.25,0.39
"alpha[0, 221]",21.8,9.1,12,38,1583,671,1.00,0.27,0.33
"alpha[0, 222]",20.3,7.9,12,36,1521,831,1.00,0.22,0.29
"alpha[0, 223]",21.6,7.5,13,36,1710,834,1.00,0.2,0.24
"alpha[0, 224]",19.7,7.6,12,35,1716,772,1.00,0.21,0.25
"alpha[0, 225]",21.9,9.8,11,40,1308,672,1.00,0.32,0.43
"alpha[0, 226]",13.2,7.5,5.6,25,1280,509,1.00,0.24,0.36
"alpha[0, 227]",19.2,9.1,9.3,36,1875,857,1.00,0.26,0.33
"alpha[0, 228]",15.6,7.8,8.2,29,1020,644,1.00,0.28,0.44
"alpha[0, 229]",12.1,6.1,5.2,22,1013,682,1.00,0.19,0.31
"alpha[0, 230]",22.5,9,13,39,1361,774,1.00,0.29,0.55
"alpha[0, 231]",18.3,7.8,10,34,1012,536,1.00,0.25,0.37
"alpha[0, 232]",23.6,8.5,14,38,1508,804,1.01,0.24,0.34
"alpha[0, 233]",24.4,7,17,36,828,832,1.00,0.22,0.33
"alpha[0, 234]",21.1,7.8,13,35,1327,794,1.00,0.22,0.32
"alpha[0, 235]",25.5,7.8,17,39,937,679,1.00,0.25,0.42
"alpha[0, 236]",25.2,9.3,15,41,1269,917,1.00,0.28,0.44
"alpha[0, 237]",24.1,8.1,14,40,1177,729,1.00,0.25,0.25
"alpha[0, 238]",26.7,7.7,18,42,1202,678,1.00,0.24,0.3
"alpha[0, 239]",17.2,7.7,9.2,29,1028,702,1.00,0.24,0.42
"alpha[0, 240]",22.7,6.1,15,33,956,799,1.00,0.2,0.27
"alpha[0, 241]",23.9,10.1,13,43,1264,882,1.00,0.29,0.34
"alpha[0, 242]",16.3,7.9,7.7,31,1963,746,1.00,0.23,0.3
"alpha[0, 243]",16.1,5,9.4,24,1236,805,1.00,0.15,0.21
"alpha[1, 0]",28.9,7.9,20,44,1449,683,1.00,0.23,0.23
"alpha[1, 1]",26.4,6.9,19,38,1558,580,1.00,0.21,0.27
"alpha[1, 2]",22.9,8.3,15,38,1359,927,1.01,0.24,0.42
"alpha[1, 3]",19,5.7,12,28,1316,837,1.00,0.17,0.26
"alpha[1, 4]",19,6.9,12,32,1236,750,1.00,0.24,0.32
"alpha[1, 5]",16.8,7.1,8.9,29,1051,872,1.00,0.24,0.31
"alpha[1, 6]",20.5,7.7,12,35,773,544,1.00,0.3,0.33
"alpha[1, 7]",18.1,7.3,9,31,639,709,1.00,0.26,0.37
"alpha[1, 8]",23.8,7.5,16,38,1112,849,1.00,0.24,0.33
"alpha[1, 9]",15.3,5,9,24,1803,833,1.00,0.12,0.17
"alpha[1, 10]",22.4,7.1,14,34,801,533,1.00,0.24,0.4
"alpha[1, 11]",23.4,7.6,15,37,1143,799,1.00,0.21,0.3
"alpha[1, 12]",28.2,8.4,19,45,1106,747,1.00,0.28,0.38
"alpha[1, 13]",26.6,8.3,18,43,1536,782,1.00,0.25,0.28
"alpha[1, 14]",29.9,7.6,21,43,1154,841,1.00,0.23,0.26
"alpha[1, 15]",28,7.7,20,43,1024,818,1.00,0.25,0.31
"alpha[1, 16]",18.5,5.4,11,28,1064,764,1.01,0.16,0.17
"alpha[1, 17]",16,8.5,6.9,31,1134,769,1.00,0.23,0.35
"alpha[1, 18]",19.9,9.8,9,38,1502,714,1.00,0.31,0.38
"alpha[1, 19]",24.3,6.4,16,36,1414,919,1.00,0.17,0.14
"alpha[1, 20]",30.7,10.6,19,50,1376,788,1.00,0.31,0.38
"alpha[1, 21]",15.5,6.1,9,26,1205,850,1.00,0.19,0.3
"alpha[1, 22]",18.4,4.5,13,26,1313,567,1.01,0.13,0.12
"alpha[1, 23]",21,11.1,8.7,42,1198,774,1.00,0.33,0.43
"alpha[1, 24]",10.7,6.7,3.3,22,928,1051,1.00,0.21,0.3
"alpha[1, 25]",24.2,6.1,17,35,872,655,1.00,0.23,0.26
"alpha[1, 26]",21.6,7.1,14,33,1161,775,1.00,0.22,0.41
"alpha[1, 27]",29.1,8.2,20,44,988,696,1.00,0.27,0.35
"alpha[1, 28]",18.8,8.4,10,34,1327,705,1.00,0.25,0.31
"alpha[1, 29]",8.8,7.1,1.7,22,1455,682,1.01,0.2,0.27
"alpha[1, 30]",21.3,7.1,13,34,1225,663,1.00,0.21,0.26
"alpha[1, 31]",26.3,6.2,18,38,1633,756,1.00,0.17,0.18
"alpha[1, 32]",16.9,6.9,8.4,29,1156,669,1.00,0.2,0.24
"alpha[1, 33]",25.4,7.4,15,38,1710,874,1.00,0.19,0.19
"alpha[1, 34]",37.4,12,23,59,1500,746,1.00,0.32,0.32
"alpha[1, 35]",12.3,6.6,5.8,25,1246,914,1.00,0.19,0.25
"alpha[1, 36]",19.8,8.3,11,35,1416,804,1.00,0.24,0.48
"alpha[1, 37]",9.8,5.5,4.3,20,885,749,1.00,0.2,0.29
"alpha[1, 38]",10,4.8,4.1,20,1174,797,1.00,0.14,0.14
"alpha[1, 39]",16,5.2,9.7,25,1114,670,1.00,0.16,0.22
"alpha[1, 40]",6.1,3.9,1.7,12,1338,705,1.00,0.12,0.35
"alpha[1, 41]",26.1,5.9,19,36,980,832,1.00,0.19,0.24
"alpha[1, 42]",28.6,8,20,42,947,771,1.00,0.27,0.44
"alpha[1, 43]",19,7.5,11,33,865,648,1.00,0.24,0.3
"alpha[1, 44]",32,9.8,22,50,1221,717,1.00,0.32,0.43
"alpha[1, 45]",28.2,8.7,19,43,1221,735,1.00,0.28,0.36
"alpha[1, 46]",23.9,8.4,15,37,1265,767,1.00,0.26,0.44
"alpha[1, 47]",24.7,6.4,17,35,1120,688,1.00,0.22,0.29
"alpha[1, 48]",18.9,7,12,30,1057,764,1.00,0.25,0.52
"alpha[1, 49]",15.3,7.6,8.2,28,476,327,1.01,0.25,0.44
"alpha[1, 50]",27.4,8.9,18,44,1370,569,1.01,0.27,0.38
"alpha[1, 51]",22.5,7.4,15,35,1277,713,1.00,0.2,0.31
"alpha[1, 52]",28.2,10.3,16,47,1144,702,1.00,0.3,0.35
"alpha[1, 53]",15.5,8.8,6.6,32,2046,782,1.00,0.23,0.3
"alpha[1, 54]",24.3,8.5,14,39,1226,703,1.00,0.27,0.32
"alpha[1, 55]",2.4,2.4,0.37,6.5,1082,665,1.00,0.088,0.23
"alpha[1, 56]",30.7,12.3,14,54,1711,654,1.01,0.31,0.28
"alpha[1, 57]",28.8,8.9,19,45,1239,807,1.00,0.31,0.43
"alpha[1, 58]",27.2,7.9,17,42,1586,860,1.00,0.21,0.23
"alpha[1, 59]",24.4,8.1,16,39,1030,609,1.00,0.3,0.35
"alpha[1, 60]",27.3,8.9,18,45,1403,715,1.00,0.26,0.33
"alpha[1, 61]",30,7.8,21,44,1193,852,1.00,0.25,0.32
"alpha[1, 62]",26,7.4,18,39,929,849,1.00,0.25,0.48
"alpha[1, 63]",14.8,9.6,3.5,34,1089,585,1.00,0.27,0.27
"alpha[1, 64]",24.4,7.7,16,38,1076,804,1.00,0.26,0.32
"alpha[1, 65]",32.4,9.6,22,48,1471,769,1.00,0.29,0.47
"alpha[1, 66]",20.4,7.4,13,35,1368,701,1.00,0.22,0.26
"alpha[1, 67]",33.1,11.9,18,55,2198,883,1.00,0.28,0.27
"alpha[1, 68]",21.8,5.6,14,31,1827,787,1.00,0.13,0.1
"alpha[1, 69]",3.8,3,1.2,7.7,1183,729,1.00,0.11,0.52
"alpha[1, 70]",9.8,8.5,1.2,27,1405,687,1.00,0.22,0.26
"alpha[1, 71]",27.7,7.3,20,41,790,707,1.00,0.28,0.35
"alpha[1, 72]",25.2,6.1,18,35,947,576,1.01,0.2,0.43
"alpha[1, 73]",18.7,8.8,7.7,35,2182,820,1.00,0.19,0.19
"alpha[1, 74]",24.9,6,18,35,997,739,1.00,0.2,0.28
"alpha[1, 75]",27.1,7.2,19,40,1097,840,1.00,0.22,0.27
"alpha[1, 76]",33.7,9.9,21,51,1185,571,1.00,0.29,0.3
"alpha[1, 77]",22.5,9.8,10,41,1436,691,1.00,0.25,0.28
"alpha[1, 78]",29.4,7.6,21,45,937,750,1.00,0.27,0.33
"alpha[1, 79]",29.6,11.5,16,51,1451,896,1.00,0.34,0.42
"alpha[1, 80]",16.2,8.4,6.5,32,1363,732,1.00,0.23,0.26
"alpha[1, 81]",14,9.1,2.1,28,569,494,1.00,0.32,0.41
"alpha[1, 82]",27.9,8,19,42,1115,819,1.00,0.26,0.52
"alpha[1, 83]",13.5,6.9,7,26,1182,819,1.00,0.21,0.38
"alpha[1, 84]",16,8.4,5.7,31,1393,897,1.00,0.24,0.44
"alpha[1, 85]",21.2,8,13,37,1312,789,1.00,0.24,0.25
"alpha[1, 86]",10.4,6,3.6,21,819,501,1.00,0.19,0.28
"alpha[1, 87]",30.7,8.3,21,47,1406,645,1.01,0.25,0.25
"alpha[1, 88]",2.3,3,0.31,5.4,656,327,1.00,0.17,0.62
"alpha[1, 89]",19.3,8.2,11,35,1448,883,1.00,0.24,0.32
"alpha[1, 90]",18.4,8,10,32,1324,768,1.00,0.27,0.58
"alpha[1, 91]",21.3,8.2,13,38,1255,730,1.00,0.25,0.35
"alpha[1, 92]",19.2,7.9,10,34,905,763,1.00,0.26,0.35
"alpha[1, 93]",30.4,8.8,20,47,1216,848,1.00,0.25,0.27
"alpha[1, 94]",29.2,7.4,21,43,1135,875,1.00,0.22,0.28
"alpha[1, 95]",23.1,7.7,15,37,1589,809,1.00,0.22,0.25
"alpha[1, 96]",6.2,3.3,2,12,2262,926,1.00,0.074,0.063
"alpha[1, 97]",2.5,2,0.46,6,1503,1011,1.00,0.054,0.071
"alpha[1, 98]",26.8,8,18,41,1087,697,1.00,0.27,0.38
"alpha[1, 99]",3.8,2.1,1.3,7.6,1461,713,1.00,0.053,0.055
"alpha[1, 100]",11.1,6.3,4.8,23,929,841,1.00,0.21,0.33
"alpha[1, 101]",29.1,7.3,20,42,803,549,1.01,0.23,0.28
"alpha[1, 102]",15.9,5.3,8.6,25,1635,625,1.00,0.14,0.12
"alpha[1, 103]",13.7,7.7,6.9,28,996,813,1.00,0.24,0.46
"alpha[1, 104]",60.1,15.8,38,89,2223,731,1.00,0.34,0.28
"alpha[1, 105]",25.7,7.8,17,40,1131,682,1.00,0.28,0.37
"alpha[1, 106]",26.9,8.4,18,43,1303,817,1.00,0.25,0.39
"alpha[1, 107]",21.9,5,15,30,1782,880,1.00,0.12,0.095
"alpha[1, 108]",26.7,7.6,18,41,1117,707,1.00,0.22,0.24
"alpha[1, 109]",17.1,6.6,8.3,29,1444,708,1.00,0.16,0.15
"alpha[1, 110]",26.2,7,18,39,1100,906,1.00,0.22,0.26
"alpha[1, 111]",31.5,6.5,22,43,1741,794,1.00,0.15,0.11
"alpha[1, 112]",9.9,4.1,4.4,17,1728,692,1.01,0.11,0.13
"alpha[1, 113]",22.9,6.6,16,35,780,715,1.00,0.23,0.39
"alpha[1, 114]",15,6.3,8.4,27,1045,816,1.00,0.2,0.27
"alpha[1, 115]",28.9,8.4,19,45,1307,599,1.00,0.23,0.3
"alpha[1, 116]",16.6,8.3,8.5,32,913,779,1.00,0.27,0.43
"alpha[1, 117]",16.3,4.5,10,24,1386,843,1.00,0.13,0.16
"alpha[1, 118]",25.3,11.3,12,45,1962,704,1.00,0.28,0.32
"alpha[1, 119]",22.1,5.4,15,31,1555,1019,1.00,0.13,0.12
"alpha[1, 120]",22.8,9,14,39,1300,682,1.00,0.31,0.52
"alpha[1, 121]",5.8,4.6,1.8,14,971,738,1.00,0.16,0.29
"alpha[1, 122]",35.8,14.8,17,63,1316,652,1.00,0.38,0.37
"alpha[1, 123]",28.1,8.8,18,44,1222,882,1.00,0.26,0.33
"alpha[1, 124]",23.7,8.1,15,38,901,636,1.00,0.27,0.35
"alpha[1, 125]",24.8,7.8,16,39,1445,770,1.00,0.23,0.3
"alpha[1, 126]",23.2,6.2,16,34,1140,821,1.00,0.2,0.27
"alpha[1, 127]",22.7,8.1,14,38,1386,904,1.01,0.25,0.35
"alpha[1, 128]",22.9,8.2,15,38,1241,757,1.00,0.28,0.39
"alpha[1, 129]",9.4,6.1,2.5,21,881,634,1.00,0.19,0.21
"alpha[1, 130]",3.5,3.2,0.44,9.1,1146,827,1.00,0.098,0.17
"alpha[1, 131]",6.6,6.1,1.1,18,1281,819,1.00,0.19,0.31
"alpha[1, 132]",30.5,13.4,14,55,1602,657,1.01,0.36,0.35
"alpha[1, 133]",9.8,7.2,2.7,23,1421,564,1.00,0.2,0.38
"alpha[1, 134]",18.3,10.7,6.4,39,1313,603,1.00,0.3,0.39
"alpha[1, 135]",33.1,9.1,22,50,1399,620,1.01,0.25,0.3
"alpha[1, 136]",29,9.4,17,47,1491,1000,1.00,0.24,0.22
"alpha[1, 137]",19.4,6.9,11,31,1627,778,1.00,0.21,0.41
"alpha[1, 138]",23.8,9.8,12,42,1095,633,1.01,0.28,0.31
"alpha[1, 139]",24.3,9.3,14,40,1646,949,1.00,0.27,0.43
"alpha[1, 140]",20.7,9.9,8.2,38,1927,975,1.00,0.23,0.26
"alpha[1, 141]",17.5,7.4,9.7,32,1216,715,1.00,0.24,0.28
"alpha[1, 142]",10.8,4.7,5.2,19,1375,756,1.00,0.13,0.17
"alpha[1, 143]",18.2,7.2,11,32,975,753,1.00,0.24,0.32
"alpha[1, 144]",28.8,12.6,14,52,1464,716,1.01,0.35,0.36
"alpha[1, 145]",21.4,7.1,14,35,987,823,1.00,0.24,0.35
"alpha[1, 146]",25.5,9.2,15,42,1377,838,1.00,0.25,0.3
"alpha[1, 147]",23.5,8.5,15,38,1313,675,1.00,0.29,0.43
"alpha[1, 148]",28.3,8.3,19,43,1977,712,1.01,0.22,0.27
"alpha[1, 149]",24.9,7.9,16,40,1296,877,1.00,0.23,0.27
"alpha[1, 150]",32.1,8.9,22,48,1466,775,1.00,0.24,0.3
"alpha[1, 151]",12.3,6.6,5.8,25,1061,790,1.00,0.2,0.25
"alpha[1, 152]",14.4,6.5,7.7,26,856,749,1.00,0.22,0.37
"alpha[1, 153]",32.8,10,22,50,1018,616,1.00,0.35,0.56
"alpha[1, 154]",27.4,8.2,18,43,1822,935,1.00,0.22,0.25
"alpha[1, 155]",16.1,7.6,8.5,30,1789,676,1.00,0.24,0.33
"alpha[1, 156]",15,4.8,8.6,23,1791,905,1.00,0.12,0.2
"alpha[1, 157]",16.2,6.4,8.6,28,1106,653,1.00,0.19,0.21
"alpha[1, 158]",7.7,6,2.1,18,1083,909,1.00,0.2,0.54
"alpha[1, 159]",19.5,6.5,11,32,1139,636,1.00,0.2,0.19
"alpha[1, 160]",28,6.6,18,40,2630,679,1.00,0.14,0.11
"alpha[1, 161]",17,8.1,8.5,32,1492,789,1.00,0.23,0.32
"alpha[1, 162]",22.4,8.2,13,37,1314,760,1.00,0.24,0.26
"alpha[1, 163]",20.3,6.3,13,30,1260,931,1.00,0.18,0.34
"alpha[1, 164]",16.8,7.7,9,30,986,505,1.00,0.26,0.43
"alpha[1, 165]",21.1,8.3,13,37,1268,764,1.01,0.27,0.35
"alpha[1, 166]",14.6,7.8,7.1,30,1280,675,1.00,0.23,0.31
"alpha[1, 167]",29.9,9.3,20,46,1330,754,1.00,0.3,0.42
"alpha[1, 168]",13.4,6.4,6.9,24,838,733,1.00,0.22,0.35
"alpha[1, 169]",5.4,3,1.7,11,1419,613,1.00,0.085,0.08
"alpha[1, 170]",29.7,8.4,20,46,1216,748,1.01,0.25,0.26
"alpha[1, 171]",15,6.5,8.2,28,1014,799,1.00,0.2,0.28
"alpha[1, 172]",23.5,8.6,14,39,1355,845,1.00,0.24,0.3
"alpha[1, 173]",22.4,7.7,14,37,991,715,1.00,0.26,0.31
"alpha[1, 174]",19,7.4,10,32,1102,735,1.00,0.23,0.28
"alpha[1, 175]",13.5,6.8,3.3,26,551,409,1.00,0.28,0.28
"alpha[1, 176]",20.3,7.5,11,33,1610,730,1.00,0.2,0.22
"alpha[1, 177]",42.4,12.9,25,64,1677,768,1.00,0.32,0.27
"alpha[1, 178]",26.7,6.2,19,38,892,790,1.00,0.2,0.22
"alpha[1, 179]",15.8,6.3,9,26,938,698,1.00,0.2,0.29
"alpha[1, 180]",12.5,5.4,5.8,23,1320,716,1.00,0.15,0.15
"alpha[1, 181]",17.1,7.3,9.6,32,1237,694,1.00,0.23,0.3
"alpha[1, 182]",23.6,10.8,10,43,1450,698,1.00,0.31,0.32
"alpha[1, 183]",18,6.7,10,30,1182,756,1.00,0.2,0.25
"alpha[1, 184]",20,5.1,14,28,1432,754,1.00,0.16,0.2
"alpha[1, 185]",17.5,6.7,10,30,876,654,1.00,0.23,0.39
"alpha[1, 186]",26.3,8.2,18,42,1037,738,1.00,0.27,0.31
"alpha[1, 187]",16.9,7.7,8.3,31,1330,870,1.00,0.23,0.33
"alpha[1, 188]",16.7,7.5,9.1,30,1321,717,1.00,0.23,0.4
"alpha[1, 189]",17.9,7.3,10,31,1045,782,1.00,0.23,0.34
"alpha[1, 190]",27.5,8.1,19,41,1564,776,1.00,0.21,0.29
"alpha[1, 191]",13.4,7.5,6.2,28,1282,805,1.00,0.22,0.3
"alpha[1, 192]",19.8,8.5,11,35,1589,827,1.00,0.24,0.28
"alpha[1, 193]",11,3.4,6.2,17,1569,685,1.00,0.084,0.079
"alpha[1, 194]",26.3,8.5,17,42,1431,815,1.00,0.26,0.32
"alpha[1, 195]",22.4,7.6,14,36,1417,815,1.00,0.21,0.25
"alpha[1, 196]",15.6,4.9,9.5,24,894,707,1.00,0.16,0.19
"alpha[1, 197]",12.3,6.2,6.1,23,1401,1004,1.00,0.18,0.34
"alpha[1, 198]",20.4,6.2,13,31,1326,901,1.00,0.19,0.26
"alpha[1, 199]",17.6,5.7,11,28,1202,924,1.00,0.17,0.21
"alpha[1, 200]",21.8,6.9,13,33,959,817,1.00,0.24,0.33
"alpha[1, 201]",3.2,4,0.44,8.2,1188,769,1.00,0.12,0.51
"alpha[1, 202]",12.7,7.2,5.2,26,1056,618,1.00,0.21,0.27
"alpha[1, 203]",28.4,7.6,20,42,905,702,1.00,0.26,0.38
"alpha[1, 204]",16.1,5.8,9.6,25,1049,831,1.00,0.2,0.46
"alpha[1, 205]",27.3,7.2,19,40,996,675,1.00,0.25,0.32
"alpha[1, 206]",22.3,10.2,11,41,1193,783,1.00,0.31,0.4
"alpha[1, 207]",26.7,6.9,18,39,625,690,1.00,0.23,0.28
"alpha[1, 208]",29.4,9,20,44,796,769,1.00,0.31,0.59
"alpha[1, 209]",29.1,8.2,20,44,740,619,1.01,0.3,0.35
"alpha[1, 210]",28.1,7.4,20,42,875,676,1.00,0.27,0.32
"alpha[1, 211]",10.7,6.9,2.7,24,1554,698,1.00,0.18,0.21
"alpha[1, 212]",13.1,5.6,7.4,21,1227,628,1.01,0.2,0.47
"alpha[1, 213]",12.5,5.9,5.9,24,835,820,1.00,0.2,0.25
"alpha[1, 214]",17.5,7.9,9,32,1377,833,1.00,0.22,0.45
"alpha[1, 215]",10.3,5.2,4.8,19,1418,834,1.01,0.15,0.22
"alpha[1, 216]",11.7,4.8,6.1,20,848,795,1.00,0.17,0.27
"alpha[1, 217]",6.7,3,2.8,12,1485,625,1.00,0.076,0.075
"alpha[1, 218]",13.9,5.6,7.7,23,968,849,1.00,0.18,0.28
"alpha[1, 219]",16.6,8.6,6.7,33,1658,764,1.00,0.24,0.28
"alpha[1, 220]",2.3,1.72,0.37,5.6,1875,550,1.00,0.042,0.049
"alpha[1, 221]",22.5,8.8,13,39,1865,932,1.00,0.24,0.31
"alpha[1, 222]",10.9,5,5.7,20,896,717,1.00,0.18,0.27
"alpha[1, 223]",19.2,7.7,10,34,1109,635,1.02,0.24,0.3
"alpha[1, 224]",16,5.7,8.3,26,1719,755,1.01,0.14,0.14
"alpha[1, 225]",13,6.9,5.6,26,1021,541,1.00,0.24,0.3
"alpha[1, 226]",9.8,3.5,5.1,16,1365,786,1.00,0.093,0.083
"alpha[1, 227]",3.3,3.3,0.52,8.3,971,853,1.00,0.11,0.35
"alpha[1, 228]",15.5,5.6,9,24,834,671,1.01,0.21,0.39
"alpha[1, 229]",17.1,4.5,11,25,1899,806,1.00,0.1,0.089
"alpha[1, 230]",15.8,7.1,7.7,28,1131,818,1.00,0.2,0.25
"alpha[1, 231]",24.2,9,15,42,1348,866,1.00,0.27,0.31
"alpha[1, 232]",16.6,7.6,8.5,31,1257,845,1.00,0.22,0.3
"alpha[1, 233]",44.7,14.1,26,71,1531,705,1.00,0.35,0.32
"alpha[1, 234]",22.5,10.3,11,41,1562,719,1.00,0.28,0.38
"alpha[1, 235]",31.5,8.7,22,49,1044,794,1.00,0.28,0.32
"alpha[1, 236]",23.3,8.8,14,41,1393,604,1.00,0.28,0.3
"alpha[1, 237]",20.8,7.2,14,33,1143,896,1.00,0.21,0.3
"alpha[1, 238]",24.9,9.1,16,41,1297,777,1.00,0.29,0.47
"alpha[1, 239]",13.8,6.6,7.1,25,992,768,1.00,0.21,0.31
"alpha[1, 240]",29.9,8.5,21,45,1014,750,1.00,0.28,0.39
"alpha[1, 241]",31.7,11,18,50,1853,684,1.00,0.29,0.3
"alpha[1, 242]",9.9,6.4,3.7,21,965,647,1.00,0.2,0.32
"alpha[1, 243]",24.6,7.4,16,38,1176,873,1.01,0.23,0.27
"alpha[2, 0]",32.4,11,19,52,1566,853,1.00,0.3,0.32
"alpha[2, 1]",2.3,1.61,0.47,5.5,1735,753,1.00,0.039,0.04
"alpha[2, 2]",17.4,7.5,9.8,30,1048,945,1.00,0.25,0.39
"alpha[2, 3]",25,6.5,17,36,897,693,1.00,0.23,0.34
"alpha[2, 4]",14.8,6.8,7.6,27,1077,790,1.00,0.21,0.32
"alpha[2, 5]",15.4,6.4,8.1,27,1415,782,1.00,0.17,0.21
"alpha[2, 6]",26.6,9.6,16,46,1406,859,1.00,0.29,0.32
"alpha[2, 7]",25.2,8.8,16,41,1174,777,1.00,0.27,0.37
"alpha[2, 8]",3.8,2.7,1,7.6,1282,738,1.00,0.11,0.32
"alpha[2, 9]",9.3,3.4,4.9,15,1502,654,1.00,0.096,0.14
"alpha[2, 10]",27.9,7.6,20,42,1363,757,1.01,0.21,0.29
"alpha[2, 11]",49.9,13.2,32,73,1465,832,1.00,0.35,0.29
"alpha[2, 12]",33.5,8.1,22,47,2283,695,1.01,0.18,0.15
"alpha[2, 13]",38.4,9.3,24,55,1956,765,1.00,0.21,0.16
"alpha[2, 14]",24.7,7.4,16,38,1124,814,1.00,0.22,0.25
"alpha[2, 15]",31.1,8.6,22,48,1211,849,1.00,0.26,0.35
"alpha[2, 16]",22.9,5.3,15,32,1522,774,1.01,0.13,0.12
"alpha[2, 17]",1.38,0.96,0.26,3,1376,643,1.00,0.025,0.031
"alpha[2, 18]",12.5,4,7.3,19,2667,751,1.00,0.089,0.098
"alpha[2, 19]",24.9,6.8,16,37,1795,833,1.00,0.16,0.13
"alpha[2, 20]",3.1,2.3,0.52,7.5,1531,783,1.01,0.064,0.066
"alpha[2, 21]",21.8,8.1,13,38,1084,775,1.00,0.27,0.32
"alpha[2, 22]",15,7.4,5.8,29,1146,580,1.00,0.22,0.25
"alpha[2, 23]",5.2,4.1,1.5,13,1611,892,1.00,0.12,0.21
"alpha[2, 24]",18.3,7.2,10,31,1253,874,1.00,0.21,0.35
"alpha[2, 25]",24.8,6.7,16,36,1380,739,1.00,0.2,0.24
"alpha[2, 26]",1.97,1.35,0.44,4.4,1657,641,1.00,0.033,0.043
"alpha[2, 27]",17,6.6,8.3,28,1076,694,1.00,0.22,0.26
"alpha[2, 28]",12.4,10,3.2,30,608,412,1.01,0.49,0.7
"alpha[2, 29]",20.6,11,7.1,40,1523,795,1.00,0.29,0.31
"alpha[2, 30]",19.5,4.4,13,27,1941,706,1.01,0.1,0.079
"alpha[2, 31]",24.3,7.8,15,38,935,826,1.00,0.25,0.42
"alpha[2, 32]",8.6,4.9,4,17,1004,741,1.00,0.18,0.29
"alpha[2, 33]",10.6,4.6,5.5,18,1131,736,1.00,0.15,0.32
"alpha[2, 34]",32,10.3,19,51,1356,753,1.00,0.3,0.33
"alpha[2, 35]",16.5,7.4,8.6,30,1106,664,1.00,0.26,0.35
"alpha[2, 36]",27.1,10,16,44,1107,710,1.00,0.29,0.35
"alpha[2, 37]",3.5,3.4,0.5,9.2,615,463,1.00,0.16,0.36
"alpha[2, 38]",13.5,4.4,7.7,21,1615,655,1.00,0.1,0.11
"alpha[2, 39]",49.3,15.3,28,76,1685,643,1.01,0.4,0.36
"alpha[2, 40]",14.8,6.9,7.7,28,946,636,1.00,0.22,0.31
"alpha[2, 41]",26,6.3,18,37,1139,870,1.00,0.2,0.32
"alpha[2, 42]",19.4,5.8,12,29,928,871,1.00,0.2,0.28
"alpha[2, 43]",19.7,6.6,11,31,1293,622,1.00,0.18,0.15
"alpha[2, 44]",81.2,21.3,52,120,2496,771,1.00,0.47,0.44
"alpha[2, 45]",22.4,4.7,16,30,1805,847,1.00,0.12,0.11
"alpha[2, 46]",9,5.7,2.6,19,1231,786,1.00,0.16,0.19
"alpha[2, 47]",22.9,6.7,15,34,933,786,1.00,0.22,0.48
"alpha[2, 48]",12,5.3,6.6,21,979,576,1.00,0.2,0.37
"alpha[2, 49]",14.8,6.3,6.6,26,1721,779,1.00,0.16,0.14
"alpha[2, 50]",2.91,2.3,0.47,6.9,2148,856,1.00,0.048,0.079
"alpha[2, 51]",12.1,6.6,3,23,848,756,1.00,0.22,0.25
"alpha[2, 52]",26,9.2,15,43,1326,797,1.00,0.27,0.38
"alpha[2, 53]",25,13.6,8.5,51,1571,815,1.00,0.35,0.32
"alpha[2, 54]",15.5,7.4,7.9,31,1062,757,1.00,0.23,0.32
"alpha[2, 55]",16.1,8,6.9,31,1353,790,1.00,0.23,0.25
"alpha[2, 56]",11.2,9.3,1.7,29,1996,835,1.00,0.24,0.26
"alpha[2, 57]",25.4,8.3,16,41,1298,840,1.00,0.25,0.34
"alpha[2, 58]",11.1,7.1,3,24,1172,570,1.00,0.2,0.29
"alpha[2, 59]",31.6,9.2,22,49,1610,813,1.00,0.25,0.28
"alpha[2, 60]",35.4,11.5,22,56,1069,715,1.00,0.33,0.42
"alpha[2, 61]",31.4,9.2,20,48,972,697,1.00,0.28,0.3
"alpha[2, 62]",25.8,6.6,18,37,868,771,1.00,0.24,0.31
"alpha[2, 63]",10.1,7.8,1.5,25,1370,735,1.00,0.21,0.21
"alpha[2, 64]",21,7.7,12,35,1629,482,1.00,0.24,0.22
"alpha[2, 65]",31.6,9,21,49,1365,816,1.00,0.25,0.3
"alpha[2, 66]",15.9,4.9,9.7,23,1323,571,1.01,0.19,0.35
"alpha[2, 67]",13.4,10.1,2.2,32,1506,628,1.00,0.23,0.31
"alpha[2, 68]",5.8,5.1,1,15,1173,716,1.00,0.16,0.26
"alpha[2, 69]",16,6.7,8.9,29,1348,930,1.00,0.19,0.24
"alpha[2, 70]",9.3,8,1.3,24,1412,822,1.00,0.21,0.28
"alpha[2, 71]",28.1,7.1,19,42,772,516,1.00,0.23,0.24
"alpha[2, 72]",25.2,6.2,17,35,975,620,1.00,0.21,0.36
"alpha[2, 73]",7.9,5.6,1.6,18,1089,602,1.00,0.16,0.22
"alpha[2, 74]",24.7,6.4,17,36,839,585,1.00,0.24,0.33
"alpha[2, 75]",17.3,5.6,10,27,807,496,1.00,0.21,0.3
"alpha[2, 76]",19.2,6.7,12,31,937,686,1.00,0.24,0.33
"alpha[2, 77]",11.6,7.1,3.9,24,1248,798,1.00,0.22,0.29
"alpha[2, 78]",28,7.6,19,41,679,815,1.01,0.29,0.43
"alpha[2, 79]",5,3.7,0.93,11,1456,490,1.01,0.099,0.13
"alpha[2, 80]",11.1,8.6,2,26,1399,833,1.01,0.25,0.36
"alpha[2, 81]",10.5,5.1,5,19,1316,772,1.00,0.15,0.22
"alpha[2, 82]",17.7,7.5,8,31,1023,765,1.00,0.23,0.29
"alpha[2, 83]",20.8,6.6,12,33,1431,797,1.01,0.17,0.15
"alpha[2, 84]",22.1,7.9,12,35,1204,770,1.00,0.23,0.32
"alpha[2, 85]",15.6,5.5,9.5,25,1464,867,1.00,0.16,0.2
"alpha[2, 86]",13.7,7,7,28,863,780,1.00,0.24,0.35
"alpha[2, 87]",28.5,7.3,18,41,2005,882,1.00,0.16,0.12
"alpha[2, 88]",11,8.9,1.7,27,1329,687,1.00,0.23,0.34
"alpha[2, 89]",19.4,7.7,9.4,32,1782,721,1.00,0.19,0.17
"alpha[2, 90]",25.6,12.1,11,47,1229,718,1.00,0.33,0.37
"alpha[2, 91]",2,2,0.29,4.8,793,446,1.00,0.11,0.22
"alpha[2, 92]",8.2,4.4,3.1,16,1784,769,1.00,0.11,0.17
"alpha[2, 93]",68.3,17.5,43,99,1370,871,1.00,0.48,0.39
"alpha[2, 94]",28.1,6.9,20,41,705,795,1.00,0.26,0.33
"alpha[2, 95]",25.5,9.5,15,44,1282,779,1.00,0.3,0.38
"alpha[2, 96]",21.1,7.9,13,35,981,654,1.00,0.3,0.48
"alpha[2, 97]",3.3,2.9,0.6,7.9,1066,751,1.00,0.11,0.27
"alpha[2, 98]",29.5,8.2,20,45,1315,668,1.00,0.24,0.25
"alpha[2, 99]",10.1,4.8,5.2,18,1023,817,1.00,0.16,0.39
"alpha[2, 100]",3.1,3,0.46,8.1,635,274,1.02,0.22,0.58
"alpha[2, 101]",28.9,7,20,41,1138,813,1.00,0.22,0.53
"alpha[2, 102]",13.5,6.3,6.9,25,645,621,1.00,0.24,0.43
"alpha[2, 103]",14.1,7.8,6.5,28,1363,905,1.00,0.22,0.29
"alpha[2, 104]",1.93,1.39,0.33,4.5,1564,586,1.00,0.033,0.033
"alpha[2, 105]",2.39,1.75,0.38,5.6,1774,744,1.00,0.043,0.043
"alpha[2, 106]",17.4,7.5,6.2,29,725,582,1.00,0.26,0.22
"alpha[2, 107]",7.9,5.8,1.7,18,1113,939,1.00,0.18,0.3
"alpha[2, 108]",22.8,5,16,31,1981,830,1.01,0.12,0.088
"alpha[2, 109]",8.7,3.7,4.1,16,1848,905,1.00,0.088,0.089
"alpha[2, 110]",23.2,8.5,14,37,1099,768,1.00,0.26,0.4
"alpha[2, 111]",10.1,6.6,2.4,21,1003,944,1.00,0.21,0.32
"alpha[2, 112]",25.5,6.9,18,38,1222,610,1.01,0.21,0.25
"alpha[2, 113]",27.9,9.9,16,47,1224,650,1.00,0.28,0.31
"alpha[2, 114]",22.4,9.7,11,40,1400,809,1.00,0.27,0.35
"alpha[2, 115]",15.5,4,9.9,23,2030,854,1.00,0.092,0.087
"alpha[2, 116]",8.6,4,4.5,15,856,786,1.00,0.16,0.54
"alpha[2, 117]",6,7,0.55,21,230,201,1.00,0.62,0.9
"alpha[2, 118]",9,6.9,1.9,22,1279,734,1.00,0.2,0.28
"alpha[2, 119]",6.6,5.5,1.1,16,1471,942,1.00,0.16,0.31
"alpha[2, 120]",2.78,1.67,0.76,5.9,1837,670,1.00,0.038,0.037
"alpha[2, 121]",3.4,3.1,0.73,7.7,980,692,1.00,0.11,0.28
"alpha[2, 122]",22.5,10.7,9.2,42,2282,743,1.00,0.26,0.23
"alpha[2, 123]",3.2,2.4,0.55,7.5,1799,872,1.00,0.062,0.078
"alpha[2, 124]",38,8.9,25,53,2034,641,1.00,0.2,0.18
"alpha[2, 125]",15,12,1.6,38,392,890,1.00,0.58,0.58
"alpha[2, 126]",13.9,4.1,8.3,21,1758,825,1.00,0.093,0.086
"alpha[2, 127]",24.1,8.1,12,38,1530,904,1.00,0.2,0.16
"alpha[2, 128]",24,8.2,15,38,1106,715,1.00,0.25,0.41
"alpha[2, 129]",10.2,8.4,1.8,25,1413,477,1.01,0.23,0.43
"alpha[2, 130]",11.4,8.2,2.9,25,1843,906,1.00,0.21,0.34
"alpha[2, 131]",15.7,9.1,5.7,33,1788,943,1.00,0.21,0.25
"alpha[2, 132]",6.9,6.1,1.7,17,1126,745,1.00,0.19,0.37
"alpha[2, 133]",10.8,9,1.6,27,990,810,1.00,0.28,0.35
"alpha[2, 134]",8.1,5,3.4,17,1016,886,1.00,0.17,0.52
"alpha[2, 135]",30,7.3,19,42,1996,841,1.00,0.16,0.12
"alpha[2, 136]",5.7,3.3,1.6,11,1275,772,1.00,0.087,0.083
"alpha[2, 137]",11.5,5.9,4.7,22,1049,699,1.01,0.19,0.27
"alpha[2, 138]",4.8,4.1,0.85,11,959,649,1.00,0.13,0.36
"alpha[2, 139]",34.7,12.1,19,56,1588,761,1.00,0.29,0.26
"alpha[2, 140]",12,9.2,2,29,1771,604,1.01,0.22,0.22
"alpha[2, 141]",20.7,7.7,11,34,1803,880,1.00,0.19,0.22
"alpha[2, 142]",14.2,6.7,7.1,25,1309,621,1.01,0.21,0.31
"alpha[2, 143]",22.5,8.4,14,39,1129,719,1.00,0.29,0.39
"alpha[2, 144]",23,10.6,11,43,1257,849,1.00,0.3,0.32
"alpha[2, 145]",23.5,6.4,16,34,1038,617,1.00,0.22,0.43
"alpha[2, 146]",20,8.6,10,34,1561,682,1.00,0.24,0.36
"alpha[2, 147]",12.9,4.9,7,22,1426,770,1.00,0.14,0.18
"alpha[2, 148]",9.1,7.5,0.99,22,1003,965,1.00,0.26,0.32
"alpha[2, 149]",51,18.3,26,84,1780,852,1.00,0.44,0.42
"alpha[2, 150]",3,2.8,0.47,7.4,1387,762,1.00,0.095,0.26
"alpha[2, 151]",3.3,2.4,0.59,8.2,1266,721,1.00,0.058,0.057
"alpha[2, 152]",20.9,6.7,13,33,1380,668,1.00,0.2,0.31
"alpha[2, 153]",44.6,14.2,26,70,1759,900,1.00,0.36,0.32
"alpha[2, 154]",22.3,6.4,14,33,995,685,1.00,0.21,0.21
"alpha[2, 155]",7.3,5.1,2.1,17,1303,509,1.00,0.15,0.26
"alpha[2, 156]",17.5,7.3,9.9,31,877,738,1.00,0.24,0.48
"alpha[2, 157]",1.47,1.09,0.28,3.6,1251,593,1.00,0.033,0.044
"alpha[2, 158]",12.8,11.1,1.3,34,684,784,1.00,0.38,0.4
"alpha[2, 159]",12.9,7,6.3,24,1026,504,1.00,0.24,0.57
"alpha[2, 160]",14.4,6.3,6.9,25,1270,794,1.00,0.18,0.25
"alpha[2, 161]",9.2,7,2.7,22,1743,787,1.00,0.21,0.3
"alpha[2, 162]",2.3,1.76,0.37,5.6,1726,857,1.00,0.042,0.047
"alpha[2, 163]",27.5,7.8,19,42,808,659,1.00,0.28,0.36
"alpha[2, 164]",10.3,7.6,2.4,24,1392,702,1.01,0.24,0.39
"alpha[2, 165]",20.2,7.5,12,35,1186,856,1.00,0.21,0.25
"alpha[2, 166]",16.6,6.3,8.9,28,1190,684,1.01,0.2,0.21
"alpha[2, 167]",20.4,8.5,9.3,34,737,572,1.00,0.28,0.35
"alpha[2, 168]",9.5,5.2,4.6,17,853,618,1.00,0.2,0.43
"alpha[2, 169]",39.2,10.8,25,59,1039,778,1.00,0.37,0.36
"alpha[2, 170]",18.9,5.4,12,28,1138,628,1.00,0.17,0.18
"alpha[2, 171]",16.3,7,7.8,29,921,710,1.00,0.26,0.29
"alpha[2, 172]",16.1,5.5,9,26,1575,790,1.01,0.15,0.15
"alpha[2, 173]",21.8,7,14,34,1443,936,1.01,0.19,0.23
"alpha[2, 174]",4.6,4.3,0.86,11,1212,901,1.00,0.13,0.32
"alpha[2, 175]",8.3,3.3,4.2,14,1276,784,1.00,0.1,0.11
"alpha[2, 176]",15.6,8.4,7.4,30,1233,669,1.00,0.24,0.47
"alpha[2, 177]",12.8,4.9,6.4,21,1258,475,1.00,0.14,0.15
"alpha[2, 178]",27,7,19,39,940,737,1.00,0.24,0.41
"alpha[2, 179]",5.8,4.4,1.4,14,961,598,1.00,0.17,0.26
"alpha[2, 180]",8,4.8,3.4,17,1013,782,1.00,0.18,0.29
"alpha[2, 181]",13.3,5.3,7.3,22,1392,814,1.00,0.16,0.27
"alpha[2, 182]",5.9,4.3,1.3,14,1286,757,1.00,0.13,0.2
"alpha[2, 183]",16.5,7.2,7.9,28,660,510,1.00,0.26,0.43
"alpha[2, 184]",21.3,9.8,11,39,1194,722,1.00,0.29,0.39
"alpha[2, 185]",25.7,8.5,16,41,1754,821,1.00,0.23,0.33
"alpha[2, 186]",28.2,8.1,19,42,1051,743,1.00,0.28,0.39
"alpha[2, 187]",11.4,6.4,5.1,23,1257,797,1.00,0.2,0.29
"alpha[2, 188]",17.5,5.3,10,27,1885,949,1.00,0.12,0.098
"alpha[2, 189]",13,7.5,5,26,1224,897,1.00,0.21,0.32
"alpha[2, 190]",29,6.9,20,41,1778,661,1.01,0.17,0.16
"alpha[2, 191]",13,5.7,5.5,24,935,416,1.00,0.16,0.15
"alpha[2, 192]",3.4,2.8,0.68,7.9,1934,894,1.00,0.081,0.17
"alpha[2, 193]",25.8,8.7,16,42,1354,751,1.00,0.24,0.25
"alpha[2, 194]",22.9,8,15,37,1018,701,1.00,0.28,0.45
"alpha[2, 195]",21.9,8.3,13,38,917,841,1.00,0.28,0.38
"alpha[2, 196]",27,7.9,15,40,1136,617,1.00,0.23,0.17
"alpha[2, 197]",6.3,5.7,1,16,1161,834,1.00,0.17,0.31
"alpha[2, 198]",4.9,3.6,1,12,1730,909,1.00,0.093,0.11
"alpha[2, 199]",21.9,7.7,13,36,1056,777,1.01,0.26,0.38
"alpha[2, 200]",28.1,7.3,19,42,756,738,1.00,0.28,0.36
"alpha[2, 201]",4.1,4.5,0.54,11,1249,639,1.00,0.14,0.36
"alpha[2, 202]",6,4.4,1.2,13,1392,788,1.00,0.12,0.24
"alpha[2, 203]",31.3,8.1,21,45,1633,734,1.01,0.24,0.27
"alpha[2, 204]",27,7.9,18,41,1029,581,1.01,0.27,0.31
"alpha[2, 205]",28,8,19,42,909,628,1.00,0.29,0.45
"alpha[2, 206]",71.3,20.5,43,110,1843,829,1.00,0.48,0.4
"alpha[2, 207]",27.9,7.4,19,42,831,548,1.00,0.24,0.28
"alpha[2, 208]",29.1,7.4,21,43,1126,850,1.00,0.23,0.28
"alpha[2, 209]",13.5,4.2,7.7,20,1683,618,1.00,0.11,0.14
"alpha[2, 210]",28.5,9,20,42,1085,717,1.00,0.27,0.53
"alpha[2, 211]",8.1,6.4,2.3,20,1034,711,1.00,0.23,0.37
"alpha[2, 212]",13.2,4.4,7.1,21,1494,808,1.00,0.12,0.099
"alpha[2, 213]",4.8,3.9,0.81,12,771,343,1.00,0.22,0.26
"alpha[2, 214]",17.9,6.9,8.9,31,1571,666,1.00,0.17,0.15
"alpha[2, 215]",4.3,3.1,1.3,9.4,1200,870,1.00,0.096,0.19
"alpha[2, 216]",17.7,7.2,10,31,713,556,1.00,0.27,0.4
"alpha[2, 217]",14.9,5.5,8.4,24,1488,748,1.00,0.15,0.22
"alpha[2, 218]",17.4,5.7,11,27,1295,859,1.00,0.19,0.33
"alpha[2, 219]",22.2,9.6,12,37,1582,647,1.00,0.27,0.47
"alpha[2, 220]",13,5.9,6.4,24,1602,746,1.01,0.18,0.24
"alpha[2, 221]",20.2,8,10,35,1339,802,1.00,0.22,0.22
"alpha[2, 222]",15.5,7,7.8,29,1013,726,1.00,0.2,0.25
"alpha[2, 223]",8.2,6.6,1.4,20,1251,799,1.01,0.17,0.25
"alpha[2, 224]",17.8,7.2,8.9,30,1466,786,1.00,0.2,0.2
"alpha[2, 225]",11.4,7.8,2.9,26,1243,708,1.00,0.22,0.26
"alpha[2, 226]",17.4,11.7,4.4,38,1983,651,1.00,0.29,0.36
"alpha[2, 227]",4.4,4.5,0.62,12,1288,742,1.00,0.13,0.28
"alpha[2, 228]",5.7,4.6,1,14,1172,589,1.00,0.15,0.32
"alpha[2, 229]",20.5,8.4,12,37,1431,704,1.00,0.25,0.3
"alpha[2, 230]",29.9,8.4,19,44,2325,735,1.00,0.16,0.18
"alpha[2, 231]",21.2,6.8,13,32,1234,883,1.00,0.19,0.27
"alpha[2, 232]",15.3,6.6,7.8,26,1455,726,1.00,0.19,0.29
"alpha[2, 233]",1.54,1.12,0.27,3.8,1511,636,1.00,0.029,0.03
"alpha[2, 234]",16.9,7.4,8.9,31,1436,785,1.00,0.23,0.29
"alpha[2, 235]",26.1,5.6,18,36,1687,887,1.00,0.14,0.1
"alpha[2, 236]",12.7,7,4.6,24,1718,707,1.00,0.19,0.23
"alpha[2, 237]",21.9,10,11,40,1397,636,1.00,0.27,0.35
"alpha[2, 238]",11.1,4.1,6.3,18,1164,800,1.00,0.13,0.19
"alpha[2, 239]",3.4,3.1,0.57,8.4,1131,609,1.00,0.094,0.19
"alpha[2, 240]",30.4,8.2,22,45,922,747,1.01,0.28,0.38
"alpha[2, 241]",1.97,1.1,0.65,4,1882,792,1.01,0.029,0.031
"alpha[2, 242]",2.7,2.2,0.51,7,1199,706,1.00,0.061,0.079
"alpha[2, 243]",2.46,1.68,0.54,5.5,1595,934,1.01,0.042,0.045
"alpha[3, 0]",4.8,3.5,1,11,1653,792,1.00,0.1,0.2
"alpha[3, 1]",24.2,5.8,16,34,1880,608,1.02,0.14,0.17
"alpha[3, 2]",11,6,2.6,22,1097,917,1.00,0.18,0.14
"alpha[3, 3]",43.7,12.9,27,66,1831,799,1.00,0.31,0.31
"alpha[3, 4]",1.75,1.37,0.32,4.4,1594,811,1.00,0.035,0.039
"alpha[3, 5]",7.3,4.5,2.7,15,1168,580,1.00,0.15,0.29
"alpha[3, 6]",50.8,15.5,30,79,1480,912,1.00,0.4,0.33
"alpha[3, 7]",18.1,4.6,12,26,1826,888,1.00,0.11,0.089
"alpha[3, 8]",66.7,17.3,42,96,2594,846,1.00,0.35,0.3
"alpha[3, 9]",15.1,8,7.1,30,854,614,1.00,0.3,0.61
"alpha[3, 10]",8.2,4,3.2,15,1760,848,1.00,0.1,0.12
"alpha[3, 11]",41.7,13.7,24,67,1431,784,1.00,0.36,0.36
"alpha[3, 12]",40,17,14,68,520,280,1.00,0.72,0.56
"alpha[3, 13]",4,2.9,0.7,9.9,1861,789,1.00,0.065,0.064
"alpha[3, 14]",3.4,2.3,0.7,7.8,2201,773,1.01,0.058,0.066
"alpha[3, 15]",53,14.5,33,80,1301,695,1.00,0.4,0.32
"alpha[3, 16]",13.7,4.4,8,21,1059,808,1.00,0.14,0.17
"alpha[3, 17]",2.9,2.8,0.55,7.1,1324,727,1.01,0.094,0.37
"alpha[3, 18]",12.5,8.5,3.5,28,1061,494,1.00,0.25,0.34
"alpha[3, 19]",3.4,3.5,0.5,8.5,1175,731,1.00,0.11,0.41
"alpha[3, 20]",31.1,12.1,15,52,1414,538,1.00,0.28,0.33
"alpha[3, 21]",40.2,13.8,22,65,1570,819,1.01,0.36,0.3
"alpha[3, 22]",8.7,8.3,0.92,25,827,755,1.00,0.3,0.33
"alpha[3, 23]",7,7,0.82,20,958,702,1.00,0.24,0.42
"alpha[3, 24]",9.4,5.1,3.5,19,1837,785,1.00,0.13,0.15
"alpha[3, 25]",25.6,6.6,17,37,884,706,1.00,0.25,0.42
"alpha[3, 26]",13.7,5.1,6.7,22,1460,811,1.00,0.14,0.12
"alpha[3, 27]",20.6,6.9,12,32,1502,679,1.00,0.2,0.26
"alpha[3, 28]",15.8,4.9,9.1,25,1960,711,1.01,0.11,0.094
"alpha[3, 29]",7.7,7.2,0.79,21,1866,662,1.00,0.18,0.25
"alpha[3, 30]",1.44,1,0.29,3.3,1333,683,1.00,0.024,0.022
"alpha[3, 31]",22,5.7,14,32,1771,777,1.00,0.13,0.12
"alpha[3, 32]",14,5.6,7.7,23,1015,668,1.00,0.18,0.26
"alpha[3, 33]",17.9,6.3,11,30,1129,797,1.00,0.2,0.22
"alpha[3, 34]",23.9,7.9,15,38,1015,769,1.00,0.26,0.33
"alpha[3, 35]",2.2,1.8,0.38,5.3,1090,731,1.00,0.066,0.14
"alpha[3, 36]",64.8,18.3,40,98,2161,905,1.00,0.36,0.29
"alpha[3, 37]",21.2,10.3,9.1,40,1195,714,1.00,0.29,0.35
"alpha[3, 38]",2.4,2.1,0.4,5.9,1046,388,1.00,0.095,0.21
"alpha[3, 39]",13.3,4.7,7.1,21,1339,821,1.00,0.13,0.12
"alpha[3, 40]",23.8,10.4,10,42,1523,796,1.00,0.26,0.28
"alpha[3, 41]",26.3,7,18,38,1008,755,1.00,0.24,0.7
"alpha[3, 42]",20.7,5.7,13,31,1216,659,1.00,0.18,0.22
"alpha[3, 43]",23.8,6.8,15,36,1426,703,1.00,0.2,0.29
"alpha[3, 44]",3.6,2.5,0.71,8.1,2048,823,1.00,0.055,0.064
"alpha[3, 45]",35.4,11.1,20,55,1835,769,1.01,0.27,0.23
"alpha[3, 46]",2.7,2.4,0.42,7,1559,646,1.00,0.066,0.13
"alpha[3, 47]",42,12.3,26,65,1397,923,1.00,0.32,0.27
"alpha[3, 48]",15.1,5.4,9.3,24,921,789,1.01,0.2,0.39
"alpha[3, 49]",10.3,7.3,2,24,1275,773,1.00,0.21,0.26
"alpha[3, 50]",28.1,10.3,15,45,1428,610,1.00,0.24,0.24
"alpha[3, 51]",12.7,4.8,6.8,21,1167,719,1.00,0.16,0.24
"alpha[3, 52]",16.3,7,7.4,29,1184,696,1.00,0.21,0.23
"alpha[3, 53]",11.7,8.1,2.3,27,656,554,1.00,0.28,0.28
"alpha[3, 54]",32.5,10.3,19,50,2028,672,1.01,0.25,0.28
"alpha[3, 55]",11.8,9.5,1.5,30,1522,557,1.00,0.21,0.25
"alpha[3, 56]",11.3,9.3,1.7,29,1536,648,1.00,0.27,0.32
"alpha[3, 57]",9.8,7.1,2.2,24,865,606,1.00,0.21,0.21
"alpha[3, 58]",2.9,2.2,0.48,6.9,1630,718,1.00,0.053,0.054
"alpha[3, 59]",84,21.5,54,120,1696,866,1.00,0.51,0.39
"alpha[3, 60]",61,17.9,36,94,1760,831,1.01,0.44,0.33
"alpha[3, 61]",38.1,9.1,25,54,1474,839,1.00,0.23,0.19
"alpha[3, 62]",38.7,11.9,23,60,918,720,1.01,0.37,0.4
"alpha[3, 63]",6.1,5.1,1,16,1426,635,1.00,0.13,0.2
"alpha[3, 64]",6.6,5.4,0.91,16,1281,735,1.00,0.15,0.22
"alpha[3, 65]",134,31,89,190,2002,642,1.00,0.72,0.53
"alpha[3, 66]",16.2,6.4,8.3,28,1074,654,1.00,0.21,0.27
"alpha[3, 67]",8.2,7.5,1.1,22,1118,808,1.00,0.22,0.34
"alpha[3, 68]",10.5,4.6,4.7,19,1620,771,1.00,0.1,0.095
"alpha[3, 69]",44.3,15.5,24,73,1136,731,1.00,0.45,0.34
"alpha[3, 70]",9.5,8,1.3,24,1552,842,1.00,0.19,0.25
"alpha[3, 71]",48.1,13.8,31,72,1294,927,1.01,0.38,0.37
"alpha[3, 72]",41.6,13,26,66,911,695,1.00,0.4,0.37
"alpha[3, 73]",13.2,11.3,1.6,37,1808,748,1.00,0.26,0.34
"alpha[3, 74]",28.4,7.9,18,42,1180,729,1.00,0.22,0.23
"alpha[3, 75]",39.1,10.1,26,57,1475,731,1.00,0.27,0.24
"alpha[3, 76]",37,15.9,14,65,841,509,1.00,0.52,0.42
"alpha[3, 77]",13.8,11.1,1.9,35,1621,606,1.00,0.26,0.32
"alpha[3, 78]",46,17,25,74,884,640,1.00,0.51,0.54
"alpha[3, 79]",21.5,12.9,5.1,45,1215,833,1.00,0.33,0.31
"alpha[3, 80]",34.5,12.6,19,57,1219,756,1.00,0.37,0.36
"alpha[3, 81]",6.9,5.1,1.8,15,1068,748,1.01,0.16,0.42
"alpha[3, 82]",35.1,12.2,19,56,846,760,1.00,0.43,0.48
"alpha[3, 83]",7.7,6.7,1.1,21,1054,830,1.00,0.21,0.27
"alpha[3, 84]",28.4,8.1,18,42,1341,735,1.00,0.22,0.26
"alpha[3, 85]",12.5,6.7,4.9,24,1441,777,1.00,0.2,0.28
"alpha[3, 86]",7,8,0.68,21,740,773,1.00,0.3,0.55
"alpha[3, 87]",2.9,2.1,0.52,6.8,1490,755,1.00,0.053,0.057
"alpha[3, 88]",11.6,9.3,1.8,28,1596,825,1.00,0.24,0.3
"alpha[3, 89]",9,6.2,1.9,21,1203,697,1.00,0.18,0.19
"alpha[3, 90]",32.2,11.4,16,52,2117,785,1.00,0.24,0.19
"alpha[3, 91]",7.9,3.7,3,15,1577,742,1.00,0.096,0.09
"alpha[3, 92]",3,2,0.8,6.2,1412,779,1.00,0.055,0.12
"alpha[3, 93]",41.4,15.3,21,68,1972,817,1.00,0.36,0.34
"alpha[3, 94]",91,22.4,58,130,1858,870,1.00,0.53,0.45
"alpha[3, 95]",85,23,52,120,1302,628,1.00,0.63,0.52
"alpha[3, 96]",11.6,7.9,2.2,25,830,761,1.00,0.25,0.34
"alpha[3, 97]",8.7,6.5,1.6,20,1242,563,1.00,0.16,0.19
"alpha[3, 98]",44.8,15,24,71,1371,719,1.00,0.4,0.34
"alpha[3, 99]",35.5,13.6,17,60,1961,796,1.00,0.28,0.25
"alpha[3, 100]",71,22.3,41,110,1788,713,1.00,0.54,0.46
"alpha[3, 101]",42.9,12.6,27,65,1215,751,1.00,0.36,0.38
"alpha[3, 102]",29,8.5,17,45,1309,745,1.00,0.23,0.2
"alpha[3, 103]",8.1,4,3.2,15,1238,732,1.00,0.11,0.15
"alpha[3, 104]",17.5,6.9,9.3,29,1731,900,1.00,0.18,0.23
"alpha[3, 105]",20.2,7,12,32,875,607,1.00,0.26,0.45
"alpha[3, 106]",20.9,7,13,33,1191,714,1.00,0.21,0.29
"alpha[3, 107]",36.5,10,23,54,1642,830,1.01,0.25,0.19
"alpha[3, 108]",2.34,1.66,0.4,5.3,1536,699,1.00,0.04,0.043
"alpha[3, 109]",19.6,8.5,11,36,1334,724,1.00,0.26,0.35
"alpha[3, 110]",27,8.9,17,42,1254,764,1.01,0.26,0.37
"alpha[3, 111]",47.5,13.8,30,74,1719,804,1.00,0.37,0.33
"alpha[3, 112]",23.9,8,14,39,697,575,1.00,0.27,0.31
"alpha[3, 113]",20.6,8,11,34,1166,828,1.00,0.26,0.56
"alpha[3, 114]",19.6,6.6,11,32,2124,883,1.00,0.16,0.13
"alpha[3, 115]",2.38,1.7,0.42,5.4,1649,614,1.00,0.047,0.052
"alpha[3, 116]",20.8,9.5,9.2,37,1628,754,1.00,0.24,0.32
"alpha[3, 117]",31.2,12.3,14,53,509,321,1.01,0.48,0.43
"alpha[3, 118]",19,10.3,6.4,37,1879,658,1.00,0.25,0.28
"alpha[3, 119]",2.7,2.9,0.39,7.4,1175,788,1.01,0.089,0.25
"alpha[3, 120]",6.2,4,1.7,13,1425,784,1.01,0.12,0.17
"alpha[3, 121]",12.6,6.3,4.6,24,2000,899,1.00,0.15,0.14
"alpha[3, 122]",12.4,9.8,2,30,1797,775,1.00,0.23,0.28
"alpha[3, 123]",44.6,15.6,23,72,925,554,1.00,0.47,0.43
"alpha[3, 124]",21.8,9,11,37,1026,588,1.00,0.33,0.54
"alpha[3, 125]",8.2,5.7,1.9,18,1169,622,1.00,0.18,0.32
"alpha[3, 126]",6.2,6.1,0.93,18,974,574,1.00,0.25,0.41
"alpha[3, 127]",54,15.8,33,82,2144,895,1.00,0.35,0.32
"alpha[3, 128]",39.5,14.2,21,65,1356,616,1.00,0.37,0.35
"alpha[3, 129]",17.6,11.7,4.2,40,1472,797,1.00,0.31,0.29
"alpha[3, 130]",10.1,8.6,1.4,26,1158,826,1.00,0.26,0.34
"alpha[3, 131]",11.7,8.9,2.1,29,1797,759,1.00,0.23,0.24
"alpha[3, 132]",12.5,8.9,2.6,28,1225,662,1.00,0.23,0.24
"alpha[3, 133]",7.6,7.3,1,20,1359,713,1.00,0.24,0.44
"alpha[3, 134]",7.8,6,1.5,18,1125,746,1.00,0.19,0.31
"alpha[3, 135]",3,2.1,0.58,6.6,1359,623,1.00,0.062,0.079
"alpha[3, 136]",42.8,16,22,72,1989,772,1.00,0.35,0.32
"alpha[3, 137]",15.8,11.6,2.6,38,1283,757,1.00,0.32,0.33
"alpha[3, 138]",11.7,9.5,2,29,1332,596,1.00,0.25,0.38
"alpha[3, 139]",22.6,13.9,5.4,49,1183,638,1.00,0.38,0.32
"alpha[3, 140]",16,10.8,3.5,38,1280,724,1.00,0.29,0.3
"alpha[3, 141]",6.2,4.2,2,13,1270,747,1.01,0.13,0.24
"alpha[3, 142]",8.3,3.9,3.5,15,1429,752,1.00,0.11,0.22
"alpha[3, 143]",37.2,13.4,20,62,1632,753,1.00,0.34,0.27
"alpha[3, 144]",60,18.1,35,91,1538,790,1.00,0.44,0.38
"alpha[3, 145]",69,20.2,40,100,1506,834,1.00,0.52,0.42
"alpha[3, 146]",11.3,9.2,2,29,1436,770,1.00,0.23,0.39
"alpha[3, 147]",34.7,10.8,20,53,1910,924,1.00,0.25,0.23
"alpha[3, 148]",40.5,10.3,26,59,1685,814,1.00,0.25,0.19
"alpha[3, 149]",31.8,12.1,16,53,1623,712,1.00,0.32,0.34
"alpha[3, 150]",36.6,12.8,19,59,1142,539,1.00,0.34,0.27
"alpha[3, 151]",42.4,13.4,25,66,2188,746,1.00,0.3,0.25
"alpha[3, 152]",3.9,2.7,0.75,8.8,1538,795,1.00,0.068,0.082
"alpha[3, 153]",32.9,10.6,18,51,1783,687,1.00,0.24,0.21
"alpha[3, 154]",16,13,1.5,41,612,712,1.00,0.51,0.57
"alpha[3, 155]",17,9.7,5.4,35,1283,884,1.00,0.26,0.28
"alpha[3, 156]",21.8,8.5,11,37,1504,717,1.00,0.23,0.24
"alpha[3, 157]",19.1,8.4,10,35,1119,772,1.00,0.25,0.33
"alpha[3, 158]",11,7.1,3.8,23,1413,642,1.00,0.23,0.38
"alpha[3, 159]",35.2,12,20,56,1396,872,1.00,0.33,0.38
"alpha[3, 160]",21.4,4.8,14,30,2323,910,1.00,0.1,0.081
"alpha[3, 161]",12.6,9.8,1.8,32,1607,614,1.00,0.22,0.24
"alpha[3, 162]",9.2,4.1,4,16,1148,713,1.00,0.12,0.16
"alpha[3, 163]",39.4,12.7,24,63,1407,533,1.00,0.33,0.34
"alpha[3, 164]",18,10.7,4.9,37,1819,717,1.01,0.26,0.27
"alpha[3, 165]",23.3,10.8,11,43,1501,789,1.00,0.35,0.43
"alpha[3, 166]",4.3,3.8,0.81,11,1058,623,1.00,0.13,0.21
"alpha[3, 167]",31.5,7,21,43,1319,729,1.00,0.19,0.16
"alpha[3, 168]",31.6,12.8,16,57,1607,802,1.00,0.33,0.3
"alpha[3, 169]",10.6,5,4.8,18,1322,727,1.00,0.17,0.56
"alpha[3, 170]",29.7,8.7,17,45,1558,809,1.00,0.23,0.25
"alpha[3, 171]",17.9,10.4,4.8,37,924,694,1.00,0.31,0.3
"alpha[3, 172]",13.1,6.6,5.7,24,1474,774,1.00,0.21,0.28
"alpha[3, 173]",31.6,14.8,13,57,1367,789,1.00,0.36,0.35
"alpha[3, 174]",11,7,3,24,1204,452,1.00,0.21,0.22
"alpha[3, 175]",5.6,3.9,1.6,12,1204,800,1.00,0.14,0.29
"alpha[3, 176]",39.4,14.8,20,67,1877,698,1.01,0.36,0.32
"alpha[3, 177]",27.1,8.8,17,43,1432,910,1.00,0.24,0.29
"alpha[3, 178]",32,8.6,20,47,1138,843,1.00,0.25,0.24
"alpha[3, 179]",15.6,6.4,7.7,27,1529,681,1.00,0.18,0.21
"alpha[3, 180]",18.9,7.6,9.4,32,1168,806,1.00,0.23,0.31
"alpha[3, 181]",19.6,7.6,9.4,33,1504,914,1.00,0.2,0.2
"alpha[3, 182]",17.1,10.4,4.7,36,1236,643,1.00,0.27,0.29
"alpha[3, 183]",17.3,7.4,8.2,30,1548,914,1.00,0.22,0.33
"alpha[3, 184]",14.3,10.4,2.7,34,1105,736,1.00,0.27,0.27
"alpha[3, 185]",31,10.1,18,49,1657,800,1.00,0.25,0.23
"alpha[3, 186]",68.7,18.3,44,100,1548,881,1.00,0.47,0.43
"alpha[3, 187]",16.2,10.4,4.1,34,1224,813,1.00,0.31,0.36
"alpha[3, 188]",27.4,11.1,13,48,1804,793,1.00,0.27,0.23
"alpha[3, 189]",12.9,4.2,7.3,20,1993,779,1.00,0.1,0.096
"alpha[3, 190]",38.2,12.8,22,62,1577,842,1.00,0.34,0.33
"alpha[3, 191]",32.9,14.1,15,59,1786,721,1.00,0.35,0.34
"alpha[3, 192]",23.8,9,12,40,1693,723,1.00,0.22,0.2
"alpha[3, 193]",11.4,4.5,5.7,20,1603,978,1.00,0.11,0.1
"alpha[3, 194]",71.7,20.9,43,110,2588,715,1.00,0.44,0.38
"alpha[3, 195]",17.2,9.9,4.4,34,1277,791,1.00,0.27,0.33
"alpha[3, 196]",16.5,5.6,9.1,26,1048,543,1.00,0.17,0.14
"alpha[3, 197]",16.9,8.6,6.1,33,1760,836,1.00,0.23,0.23
"alpha[3, 198]",6.6,3.7,2.1,13,1434,699,1.00,0.11,0.12
"alpha[3, 199]",18.1,6,12,28,1034,693,1.00,0.22,0.36
"alpha[3, 200]",43,13.5,26,68,1261,815,1.00,0.36,0.31
"alpha[3, 201]",10.8,8.7,1.8,27,1686,560,1.00,0.2,0.24
"alpha[3, 202]",7.9,6.1,2.1,19,1744,639,1.01,0.2,0.37
"alpha[3, 203]",18.7,5.3,11,28,2066,819,1.00,0.12,0.092
"alpha[3, 204]",57.4,17.2,35,89,1849,868,1.00,0.44,0.38
"alpha[3, 205]",51.2,13.7,32,74,1322,735,1.00,0.36,0.33
"alpha[3, 206]",5.5,5.3,0.92,14,952,722,1.00,0.18,0.38
"alpha[3, 207]",32.6,8.6,22,47,1218,908,1.00,0.24,0.33
"alpha[3, 208]",57.4,15.2,37,82,1921,783,1.00,0.36,0.35
"alpha[3, 209]",43,15.1,23,71,775,525,1.00,0.51,0.43
"alpha[3, 210]",61.8,16.5,39,91,1408,745,1.00,0.44,0.38
"alpha[3, 211]",9.6,8.5,1.5,25,1664,961,1.00,0.24,0.35
"alpha[3, 212]",20.9,8.2,13,36,1039,588,1.00,0.29,0.38
"alpha[3, 213]",20.6,8,13,34,1074,909,1.00,0.29,0.5
"alpha[3, 214]",15.8,8.3,7.7,31,912,882,1.00,0.28,0.45
"alpha[3, 215]",18.4,10.9,5.5,38,1479,930,1.00,0.27,0.3
"alpha[3, 216]",9.3,7.1,1.9,21,799,576,1.01,0.26,0.41
"alpha[3, 217]",16.3,7.5,7.1,30,1965,651,1.00,0.19,0.19
"alpha[3, 218]",17,6.5,10,28,1106,642,1.00,0.2,0.25
"alpha[3, 219]",16.6,9,7.1,33,1080,550,1.00,0.25,0.33
"alpha[3, 220]",8.1,7,1.2,20,1032,712,1.00,0.28,0.59
"alpha[3, 221]",10.9,6.6,3.7,23,898,753,1.00,0.2,0.27
"alpha[3, 222]",25.4,11.1,11,45,2032,823,1.00,0.27,0.3
"alpha[3, 223]",7.9,6.6,1.2,20,1559,788,1.00,0.17,0.26
"alpha[3, 224]",9.8,4.8,4.6,17,783,572,1.00,0.19,0.42
"alpha[3, 225]",7.8,6,1.5,18,1512,697,1.00,0.16,0.23
"alpha[3, 226]",28.6,13.6,11,53,1666,827,1.00,0.34,0.34
"alpha[3, 227]",4.3,4.1,0.64,11,1510,682,1.00,0.11,0.3
"alpha[3, 228]",19.8,7.8,10,34,1396,876,1.00,0.21,0.3
"alpha[3, 229]",30.1,11.1,15,49,1538,835,1.00,0.3,0.26
"alpha[3, 230]",5.5,4.6,0.8,14,1140,751,1.00,0.13,0.15
"alpha[3, 231]",24.1,14.5,6,53,1496,712,1.00,0.35,0.33
"alpha[3, 232]",17.2,11,5.4,35,1840,829,1.00,0.28,0.5
"alpha[3, 233]",35.9,10.4,22,54,1611,804,1.00,0.26,0.25
"alpha[3, 234]",22.3,12,7.6,45,1289,562,1.01,0.31,0.29
"alpha[3, 235]",26.4,8.9,15,42,1854,718,1.00,0.24,0.24
"alpha[3, 236]",12.1,9.2,2.1,30,1331,764,1.00,0.25,0.28
"alpha[3, 237]",18.5,8.3,9.8,35,1663,683,1.00,0.23,0.3
"alpha[3, 238]",21.7,10.2,9,40,1224,664,1.00,0.33,0.34
"alpha[3, 239]",20.3,8.1,9.5,35,1828,712,1.00,0.18,0.16
"alpha[3, 240]",64.8,16.2,43,93,1857,862,1.00,0.41,0.41
"alpha[3, 241]",28.3,9.4,17,45,1646,711,1.00,0.26,0.26
"alpha[3, 242]",9.7,6.7,3.2,22,1445,887,1.00,0.2,0.26
"alpha[3, 243]",21.2,6.7,13,33,1031,649,1.00,0.2,0.24
"rho[0, 0]",0.76,0.148,0.48,0.95,793,590,1.00,0.0051,0.0037
"rho[0, 1]",0.833,0.143,0.54,0.98,714,652,1.00,0.0049,0.0046
"rho[0, 2]",0.9,0.09,0.77,0.98,546,440,1.00,0.0044,0.008
"rho[0, 3]",0.88,0.11,0.67,0.98,838,691,1.01,0.0036,0.0053
"rho[0, 4]",0.64,0.174,0.35,0.91,1061,779,1.00,0.0053,0.003
"rho[0, 5]",0.625,0.191,0.31,0.91,1526,779,1.00,0.0049,0.0026
"rho[0, 6]",0.66,0.154,0.4,0.88,1176,571,1.00,0.0046,0.0028
"rho[0, 7]",0.708,0.096,0.56,0.84,1318,822,1.00,0.0028,0.0026
"rho[0, 8]",0.74,0.153,0.46,0.95,1031,741,1.00,0.005,0.0033
"rho[0, 9]",0.724,0.109,0.56,0.88,1234,658,1.01,0.0034,0.0031
"rho[0, 10]",0.83,0.13,0.58,0.96,691,644,1.00,0.005,0.0051
"rho[0, 11]",0.702,0.169,0.41,0.93,1460,758,1.00,0.0042,0.0025
"rho[0, 12]",0.784,0.176,0.42,0.97,860,697,1.00,0.0048,0.0038
"rho[0, 13]",0.71,0.169,0.42,0.94,1131,731,1.00,0.0051,0.003
"rho[0, 14]",0.75,0.165,0.46,0.96,701,621,1.00,0.0059,0.0039
"rho[0, 15]",0.708,0.095,0.57,0.87,999,735,1.00,0.0031,0.0022
"rho[0, 16]",0.92,0.12,0.65,0.99,61,33,1.05,0.02,0.033
"rho[0, 17]",0.69,0.188,0.36,0.96,740,568,1.00,0.0067,0.0038
"rho[0, 18]",0.72,0.212,0.33,0.97,704,685,1.00,0.0073,0.0042
"rho[0, 19]",0.58,0.203,0.25,0.9,1467,596,1.00,0.0053,0.0029
"rho[0, 20]",0.645,0.175,0.35,0.91,1475,681,1.01,0.0046,0.0026
"rho[0, 21]",0.67,0.174,0.36,0.92,1141,804,1.00,0.0051,0.0031
"rho[0, 22]",0.62,0.189,0.3,0.91,1195,690,1.00,0.0056,0.0031
"rho[0, 23]",0.618,0.181,0.32,0.89,1349,715,1.00,0.0049,0.0028
"rho[0, 24]",0.73,0.178,0.4,0.96,968,772,1.00,0.0057,0.0037
"rho[0, 25]",0.829,0.125,0.57,0.97,942,720,1.01,0.0043,0.0039
"rho[0, 26]",0.697,0.17,0.4,0.94,1468,671,1.00,0.0044,0.0026
"rho[0, 27]",0.748,0.151,0.49,0.95,1407,641,1.00,0.004,0.0026
"rho[0, 28]",0.59,0.185,0.29,0.88,1160,798,1.00,0.0055,0.0031
"rho[0, 29]",0.575,0.186,0.28,0.87,1695,696,1.01,0.0046,0.0024
"rho[0, 30]",0.668,0.188,0.33,0.93,1370,650,1.00,0.0049,0.0029
"rho[0, 31]",0.834,0.12,0.61,0.96,663,705,1.01,0.0046,0.005
"rho[0, 32]",0.51,0.178,0.25,0.82,876,696,1.01,0.0063,0.0037
"rho[0, 33]",0.71,0.194,0.36,0.95,914,533,1.00,0.0061,0.0038
"rho[0, 34]",0.641,0.148,0.39,0.86,1415,788,1.00,0.0039,0.0025
"rho[0, 35]",0.544,0.196,0.24,0.86,1776,905,1.00,0.0046,0.0025
"rho[0, 36]",0.659,0.166,0.38,0.91,1329,834,1.00,0.0046,0.0027
"rho[0, 37]",0.6,0.201,0.26,0.9,1648,791,1.01,0.005,0.0026
"rho[0, 38]",0.69,0.174,0.38,0.93,1405,707,1.00,0.005,0.003
"rho[0, 39]",0.695,0.104,0.53,0.85,1216,625,1.00,0.003,0.0023
"rho[0, 40]",0.63,0.183,0.32,0.9,1220,672,1.00,0.0053,0.0029
"rho[0, 41]",0.879,0.054,0.79,0.96,1680,695,1.00,0.0012,0.00084
"rho[0, 42]",0.888,0.061,0.79,0.97,1121,661,1.00,0.002,0.0031
"rho[0, 43]",0.824,0.12,0.6,0.96,961,738,1.00,0.0041,0.005
"rho[0, 44]",0.84,0.14,0.56,0.98,765,661,1.00,0.0052,0.0059
"rho[0, 45]",0.708,0.156,0.44,0.93,1075,808,1.00,0.0048,0.003
"rho[0, 46]",0.69,0.156,0.42,0.91,1031,710,1.00,0.005,0.0028
"rho[0, 47]",0.846,0.11,0.63,0.97,667,551,1.00,0.0047,0.0052
"rho[0, 48]",0.71,0.172,0.41,0.95,688,664,1.00,0.0065,0.0039
"rho[0, 49]",0.623,0.179,0.33,0.91,1771,682,1.01,0.0042,0.0023
"rho[0, 50]",0.657,0.17,0.37,0.92,1607,674,1.00,0.0044,0.0025
"rho[0, 51]",0.735,0.154,0.46,0.94,1620,724,1.00,0.0041,0.0027
"rho[0, 52]",0.665,0.166,0.38,0.91,1467,682,1.00,0.0044,0.0027
"rho[0, 53]",0.394,0.149,0.18,0.65,1299,572,1.00,0.0044,0.0033
"rho[0, 54]",0.724,0.159,0.44,0.95,1560,641,1.00,0.0041,0.0025
"rho[0, 55]",0.442,0.149,0.23,0.7,1698,737,1.00,0.0038,0.0027
"rho[0, 56]",0.583,0.189,0.27,0.88,1653,716,1.00,0.0046,0.0026
"rho[0, 57]",0.7,0.168,0.4,0.94,1049,663,1.00,0.0053,0.0031
"rho[0, 58]",0.657,0.167,0.36,0.9,1310,908,1.00,0.0046,0.0027
"rho[0, 59]",0.779,0.093,0.63,0.92,1567,872,1.01,0.0023,0.0022
"rho[0, 60]",0.751,0.159,0.46,0.95,1072,653,1.00,0.0046,0.0032
"rho[0, 61]",0.828,0.123,0.58,0.97,907,746,1.00,0.0044,0.004
"rho[0, 62]",0.842,0.13,0.58,0.98,855,550,1.00,0.0049,0.0054
"rho[0, 63]",0.614,0.169,0.34,0.89,1801,904,1.00,0.0041,0.0023
"rho[0, 64]",0.687,0.164,0.41,0.92,1393,651,1.00,0.0044,0.0025
"rho[0, 65]",0.8,0.163,0.47,0.98,672,462,1.01,0.0053,0.0041
"rho[0, 66]",0.83,0.12,0.59,0.96,825,536,1.00,0.0048,0.0059
"rho[0, 67]",0.585,0.172,0.31,0.87,1910,764,1.01,0.004,0.0024
"rho[0, 68]",0.64,0.162,0.37,0.89,1800,761,1.01,0.004,0.0024
"rho[0, 69]",0.463,0.089,0.33,0.62,2251,757,1.00,0.0019,0.0015
"rho[0, 70]",0.623,0.174,0.34,0.89,1463,724,1.00,0.0045,0.0025
"rho[0, 71]",0.866,0.115,0.63,0.98,855,678,1.00,0.0038,0.0044
"rho[0, 72]",0.864,0.108,0.64,0.98,627,628,1.00,0.0043,0.0048
"rho[0, 73]",0.604,0.178,0.32,0.89,2073,768,1.01,0.0039,0.0021
"rho[0, 74]",0.855,0.116,0.62,0.97,822,647,1.00,0.0042,0.0047
"rho[0, 75]",0.809,0.141,0.53,0.97,878,871,1.00,0.0044,0.0038
"rho[0, 76]",0.694,0.157,0.42,0.92,1293,698,1.00,0.0045,0.0027
"rho[0, 77]",0.617,0.17,0.34,0.89,1613,884,1.00,0.0043,0.0024
"rho[0, 78]",0.77,0.142,0.52,0.95,1053,792,1.01,0.0045,0.0031
"rho[0, 79]",0.664,0.165,0.39,0.92,1420,755,1.00,0.0044,0.0026
"rho[0, 80]",0.588,0.181,0.29,0.88,1635,822,1.00,0.0046,0.0026
"rho[0, 81]",0.624,0.165,0.36,0.88,1338,671,1.00,0.0045,0.0025
"rho[0, 82]",0.846,0.136,0.56,0.98,602,619,1.01,0.0048,0.0046
"rho[0, 83]",0.796,0.126,0.56,0.96,1257,806,1.01,0.0037,0.003
"rho[0, 84]",0.725,0.152,0.45,0.94,1494,615,1.01,0.0039,0.0024
"rho[0, 85]",0.683,0.17,0.39,0.93,1294,724,1.00,0.0047,0.0029
"rho[0, 86]",0.64,0.193,0.32,0.92,1203,751,1.00,0.0056,0.003
"rho[0, 87]",0.711,0.154,0.44,0.93,1564,743,1.00,0.004,0.0025
"rho[0, 88]",0.538,0.174,0.28,0.81,1780,746,1.00,0.0041,0.0023
"rho[0, 89]",0.632,0.167,0.36,0.9,1217,615,1.00,0.0048,0.0028
"rho[0, 90]",0.642,0.168,0.36,0.9,1486,671,1.00,0.0044,0.0027
"rho[0, 91]",0.767,0.085,0.63,0.89,1420,847,1.00,0.0022,0.0014
"rho[0, 92]",0.636,0.168,0.36,0.89,1314,771,1.00,0.0049,0.0029
"rho[0, 93]",0.669,0.169,0.39,0.92,1754,806,1.00,0.0044,0.0026
"rho[0, 94]",0.87,0.095,0.68,0.97,886,761,1.00,0.0033,0.004
"rho[0, 95]",0.677,0.17,0.38,0.93,1303,600,1.00,0.0047,0.0029
"rho[0, 96]",0.708,0.161,0.43,0.93,1546,749,1.00,0.0043,0.0027
"rho[0, 97]",0.62,0.162,0.35,0.87,1429,873,1.00,0.0043,0.0025
"rho[0, 98]",0.706,0.158,0.42,0.92,1175,692,1.00,0.0048,0.0031
"rho[0, 99]",0.584,0.188,0.29,0.88,1560,730,1.00,0.0046,0.0024
"rho[0, 100]",0.66,0.175,0.36,0.92,1171,788,1.00,0.0053,0.0031
"rho[0, 101]",0.924,0.046,0.84,0.98,1080,472,1.00,0.0014,0.0013
"rho[0, 102]",0.65,0.179,0.35,0.92,961,645,1.00,0.0057,0.0032
"rho[0, 103]",0.54,0.165,0.27,0.79,932,718,1.00,0.0054,0.0033
"rho[0, 104]",0.725,0.15,0.46,0.93,1210,674,1.01,0.0043,0.0028
"rho[0, 105]",0.725,0.158,0.45,0.94,1257,763,1.00,0.0044,0.0027
"rho[0, 106]",0.708,0.168,0.41,0.94,1328,769,1.00,0.0049,0.0028
"rho[0, 107]",0.644,0.162,0.37,0.89,1340,682,1.01,0.0045,0.0026
"rho[0, 108]",0.76,0.147,0.51,0.96,831,687,1.01,0.0055,0.0037
"rho[0, 109]",0.512,0.19,0.22,0.83,1635,760,1.00,0.0046,0.0026
"rho[0, 110]",0.628,0.159,0.37,0.88,1506,800,1.01,0.004,0.0024
"rho[0, 111]",0.707,0.172,0.4,0.94,1276,777,1.01,0.0048,0.003
"rho[0, 112]",0.725,0.096,0.58,0.87,1198,787,1.01,0.0029,0.0026
"rho[0, 113]",0.743,0.142,0.48,0.93,932,758,1.00,0.0047,0.0036
"rho[0, 114]",0.66,0.193,0.33,0.94,872,543,1.00,0.0055,0.0032
"rho[0, 115]",0.836,0.098,0.67,0.95,1060,660,1.00,0.0034,0.0042
"rho[0, 116]",0.61,0.183,0.3,0.88,1056,706,1.00,0.0056,0.0031
"rho[0, 117]",0.733,0.16,0.44,0.95,1291,699,1.00,0.0047,0.0031
"rho[0, 118]",0.55,0.197,0.24,0.87,1382,865,1.00,0.0054,0.0028
"rho[0, 119]",0.543,0.163,0.29,0.81,1638,776,1.00,0.0041,0.0025
"rho[0, 120]",0.74,0.18,0.39,0.95,866,644,1.01,0.0064,0.0047
"rho[0, 121]",0.52,0.206,0.21,0.86,1252,679,1.00,0.0057,0.003
"rho[0, 122]",0.533,0.196,0.23,0.86,2211,754,1.00,0.0047,0.0024
"rho[0, 123]",0.711,0.163,0.44,0.94,1341,767,1.01,0.0045,0.0027
"rho[0, 124]",0.811,0.128,0.57,0.96,1374,653,1.00,0.0039,0.0032
"rho[0, 125]",0.659,0.16,0.4,0.89,1204,749,1.00,0.0046,0.0027
"rho[0, 126]",0.72,0.168,0.41,0.95,1206,762,1.00,0.005,0.0033
"rho[0, 127]",0.662,0.173,0.36,0.91,1564,688,1.00,0.0046,0.0027
"rho[0, 128]",0.702,0.161,0.42,0.93,1077,740,1.00,0.0048,0.0029
"rho[0, 129]",0.515,0.186,0.24,0.82,2111,715,1.00,0.0041,0.0022
"rho[0, 130]",0.478,0.202,0.18,0.82,1641,694,1.01,0.0049,0.0028
"rho[0, 131]",0.557,0.178,0.28,0.85,1649,702,1.00,0.0045,0.0025
"rho[0, 132]",0.479,0.2,0.19,0.83,1857,795,1.00,0.0049,0.0027
"rho[0, 133]",0.54,0.208,0.21,0.87,1598,823,1.00,0.0051,0.0027
"rho[0, 134]",0.54,0.191,0.23,0.87,1182,695,1.00,0.0057,0.0032
"rho[0, 135]",0.744,0.158,0.46,0.96,1211,683,1.01,0.0045,0.0029
"rho[0, 136]",0.637,0.17,0.36,0.89,1549,643,1.00,0.0044,0.0025
"rho[0, 137]",0.573,0.18,0.29,0.87,1612,659,1.01,0.0044,0.0026
"rho[0, 138]",0.58,0.188,0.29,0.88,1251,721,1.00,0.0053,0.0028
"rho[0, 139]",0.76,0.158,0.44,0.95,881,627,1.00,0.0052,0.0044
"rho[0, 140]",0.573,0.188,0.29,0.88,1698,744,1.00,0.0043,0.0023
"rho[0, 141]",0.629,0.177,0.33,0.9,1476,717,1.01,0.0045,0.0025
"rho[0, 142]",0.62,0.185,0.31,0.91,1286,819,1.00,0.0052,0.0029
"rho[0, 143]",0.757,0.101,0.59,0.9,1033,653,1.00,0.0031,0.0026
"rho[0, 144]",0.562,0.18,0.28,0.86,1762,716,1.00,0.0045,0.0025
"rho[0, 145]",0.735,0.154,0.47,0.94,1217,798,1.00,0.0045,0.003
"rho[0, 146]",0.635,0.177,0.35,0.91,1365,771,1.00,0.0047,0.0027
"rho[0, 147]",0.67,0.171,0.37,0.92,1253,802,1.00,0.005,0.003
"rho[0, 148]",0.75,0.173,0.42,0.97,722,616,1.01,0.0058,0.0036
"rho[0, 149]",0.644,0.174,0.35,0.9,1571,719,1.01,0.0046,0.0027
"rho[0, 150]",0.77,0.165,0.46,0.97,785,763,1.00,0.0055,0.0038
"rho[0, 151]",0.578,0.188,0.28,0.88,1801,824,1.00,0.0044,0.0024
"rho[0, 152]",0.66,0.182,0.35,0.92,1029,749,1.00,0.0056,0.003
"rho[0, 153]",0.695,0.154,0.43,0.92,1243,579,1.00,0.0045,0.0029
"rho[0, 154]",0.767,0.081,0.64,0.89,1459,808,1.01,0.0021,0.0013
"rho[0, 155]",0.57,0.201,0.25,0.89,1552,833,1.02,0.0052,0.0027
"rho[0, 156]",0.67,0.168,0.37,0.91,1028,622,1.00,0.0052,0.003
"rho[0, 157]",0.578,0.181,0.28,0.86,1350,634,1.00,0.0048,0.0027
"rho[0, 158]",0.686,0.137,0.45,0.89,1413,822,1.00,0.0036,0.0026
"rho[0, 159]",0.66,0.176,0.36,0.92,1153,878,1.00,0.0052,0.003
"rho[0, 160]",0.69,0.171,0.39,0.93,1170,684,1.00,0.0052,0.0031
"rho[0, 161]",0.56,0.203,0.24,0.88,1233,687,1.00,0.0058,0.003
"rho[0, 162]",0.76,0.178,0.41,0.97,822,758,1.00,0.0065,0.0042
"rho[0, 163]",0.725,0.1,0.57,0.87,1019,687,1.00,0.0033,0.003
"rho[0, 164]",0.59,0.198,0.27,0.89,1148,818,1.01,0.0057,0.003
"rho[0, 165]",0.46,0.143,0.24,0.69,1463,744,1.00,0.0038,0.0024
"rho[0, 166]",0.76,0.158,0.43,0.95,881,812,1.00,0.0054,0.0046
"rho[0, 167]",0.777,0.089,0.64,0.92,1903,738,1.00,0.0021,0.0013
"rho[0, 168]",0.69,0.197,0.34,0.95,1022,820,1.00,0.0061,0.0036
"rho[0, 169]",0.76,0.159,0.46,0.96,914,772,1.00,0.0053,0.0036
"rho[0, 170]",0.81,0.15,0.5,0.97,746,618,1.00,0.0053,0.0045
"rho[0, 171]",0.72,0.177,0.4,0.95,674,787,1.00,0.0066,0.0044
"rho[0, 172]",0.78,0.19,0.38,0.97,570,604,1.00,0.0072,0.0057
"rho[0, 173]",0.67,0.17,0.39,0.92,1144,745,1.00,0.0051,0.0031
"rho[0, 174]",0.7,0.202,0.31,0.95,859,767,1.00,0.0069,0.0046
"rho[0, 175]",0.638,0.185,0.33,0.91,1448,911,1.00,0.0049,0.0027
"rho[0, 176]",0.58,0.194,0.27,0.89,1324,861,1.00,0.0053,0.0029
"rho[0, 177]",0.918,0.049,0.83,0.98,1440,522,1.01,0.0012,0.00091
"rho[0, 178]",0.909,0.048,0.82,0.97,1842,712,1.00,0.001,0.00076
"rho[0, 179]",0.63,0.188,0.3,0.91,1160,756,1.00,0.0054,0.0031
"rho[0, 180]",0.6,0.199,0.27,0.92,1375,757,1.01,0.0052,0.0029
"rho[0, 181]",0.66,0.199,0.3,0.94,897,668,1.00,0.0064,0.0036
"rho[0, 182]",0.534,0.193,0.24,0.84,1767,819,1.00,0.0045,0.0024
"rho[0, 183]",0.708,0.153,0.44,0.93,934,747,1.00,0.0049,0.0032
"rho[0, 184]",0.63,0.19,0.3,0.91,1498,805,1.00,0.005,0.0027
"rho[0, 185]",0.49,0.083,0.37,0.63,1500,655,1.00,0.0022,0.0019
"rho[0, 186]",0.725,0.116,0.51,0.89,823,671,1.00,0.0042,0.0038
"rho[0, 187]",0.669,0.166,0.39,0.91,1282,799,1.00,0.0046,0.0027
"rho[0, 188]",0.73,0.177,0.39,0.96,1089,791,1.00,0.0055,0.0039
"rho[0, 189]",0.73,0.184,0.39,0.96,751,660,1.00,0.0065,0.0039
"rho[0, 190]",0.701,0.148,0.44,0.91,1011,712,1.00,0.0046,0.0029
"rho[0, 191]",0.65,0.175,0.36,0.91,1055,752,1.00,0.0054,0.003
"rho[0, 192]",0.636,0.167,0.35,0.89,1302,918,1.01,0.0047,0.0028
"rho[0, 193]",0.69,0.168,0.4,0.93,1465,864,1.00,0.0046,0.0028
"rho[0, 194]",0.63,0.156,0.37,0.85,929,582,1.01,0.0053,0.0034
"rho[0, 195]",0.84,0.14,0.54,0.98,566,653,1.01,0.0058,0.0065
"rho[0, 196]",0.62,0.179,0.33,0.91,1025,717,1.00,0.0056,0.0031
"rho[0, 197]",0.571,0.183,0.27,0.87,1823,660,1.00,0.0043,0.0025
"rho[0, 198]",0.639,0.184,0.33,0.91,1464,785,1.00,0.0049,0.0026
"rho[0, 199]",0.74,0.161,0.44,0.94,888,802,1.00,0.0054,0.004
"rho[0, 200]",0.822,0.072,0.71,0.93,1006,725,1.00,0.0023,0.0024
"rho[0, 201]",0.549,0.183,0.27,0.86,1535,787,1.01,0.0048,0.0028
"rho[0, 202]",0.611,0.178,0.34,0.9,1688,719,1.01,0.0043,0.0023
"rho[0, 203]",0.802,0.155,0.51,0.97,917,670,1.00,0.0048,0.0036
"rho[0, 204]",0.816,0.12,0.57,0.95,634,565,1.00,0.0049,0.0056
"rho[0, 205]",0.82,0.131,0.55,0.97,708,614,1.00,0.005,0.0042
"rho[0, 206]",0.555,0.176,0.28,0.84,1379,733,1.00,0.0048,0.0027
"rho[0, 207]",0.85,0.087,0.69,0.96,923,674,1.00,0.0029,0.0032
"rho[0, 208]",0.825,0.137,0.54,0.97,793,610,1.00,0.0045,0.004
"rho[0, 209]",0.79,0.144,0.52,0.97,660,655,1.00,0.0056,0.0044
"rho[0, 210]",0.857,0.12,0.63,0.98,774,693,1.00,0.0044,0.0057
"rho[0, 211]",0.51,0.201,0.2,0.85,1695,764,1.00,0.005,0.0028
"rho[0, 212]",0.79,0.137,0.51,0.95,808,459,1.00,0.0053,0.0049
"rho[0, 213]",0.671,0.141,0.41,0.87,1083,721,1.00,0.0042,0.0033
"rho[0, 214]",0.62,0.193,0.29,0.9,1271,782,1.00,0.0054,0.003
"rho[0, 215]",0.55,0.197,0.25,0.87,1212,639,1.00,0.0057,0.003
"rho[0, 216]",0.726,0.12,0.52,0.9,1345,761,1.00,0.0033,0.0027
"rho[0, 217]",0.594,0.181,0.32,0.89,1520,623,1.02,0.0046,0.0025
"rho[0, 218]",0.76,0.09,0.62,0.9,1446,829,1.00,0.0029,0.0027
"rho[0, 219]",0.556,0.15,0.32,0.8,1457,726,1.00,0.0039,0.0024
"rho[0, 220]",0.57,0.193,0.26,0.88,1568,729,1.01,0.005,0.0027
"rho[0, 221]",0.583,0.176,0.31,0.86,1353,768,1.00,0.0048,0.0028
"rho[0, 222]",0.609,0.181,0.32,0.91,1465,739,1.00,0.0048,0.0026
"rho[0, 223]",0.71,0.167,0.41,0.94,895,577,1.00,0.0052,0.0033
"rho[0, 224]",0.626,0.182,0.32,0.9,1822,811,1.00,0.0043,0.0024
"rho[0, 225]",0.555,0.181,0.26,0.85,1584,777,1.00,0.0046,0.0027
"rho[0, 226]",0.52,0.203,0.2,0.86,1403,844,1.00,0.0055,0.003
"rho[0, 227]",0.527,0.191,0.25,0.84,1774,809,1.00,0.0045,0.0024
"rho[0, 228]",0.66,0.196,0.31,0.92,976,677,1.01,0.0065,0.0038
"rho[0, 229]",0.495,0.121,0.28,0.68,1157,555,1.00,0.0037,0.0027
"rho[0, 230]",0.632,0.178,0.34,0.91,1393,688,1.00,0.0047,0.0028
"rho[0, 231]",0.7,0.192,0.35,0.96,831,489,1.00,0.0061,0.0036
"rho[0, 232]",0.664,0.177,0.37,0.91,1433,829,1.00,0.0048,0.0027
"rho[0, 233]",0.81,0.151,0.51,0.98,568,626,1.00,0.0063,0.0049
"rho[0, 234]",0.646,0.175,0.35,0.91,1288,752,1.00,0.0048,0.0027
"rho[0, 235]",0.766,0.148,0.5,0.96,858,648,1.00,0.0046,0.0034
"rho[0, 236]",0.627,0.17,0.35,0.9,1637,760,1.00,0.0041,0.0024
"rho[0, 237]",0.66,0.164,0.37,0.9,1017,750,1.00,0.0051,0.003
"rho[0, 238]",0.739,0.161,0.44,0.95,1294,739,1.00,0.0047,0.0031
"rho[0, 239]",0.6,0.18,0.31,0.89,958,732,1.00,0.0057,0.0033
"rho[0, 240]",0.833,0.123,0.59,0.97,748,833,1.00,0.0043,0.0041
"rho[0, 241]",0.6,0.177,0.32,0.89,1183,767,1.00,0.0053,0.003
"rho[0, 242]",0.473,0.174,0.21,0.78,1789,711,1.01,0.0041,0.0025
"rho[0, 243]",0.89,0.08,0.75,0.98,763,601,1.00,0.0031,0.005
"rho[1, 0]",0.713,0.149,0.45,0.93,1315,706,1.00,0.0041,0.0025
"rho[1, 1]",0.788,0.143,0.51,0.96,850,627,1.00,0.0048,0.0039
"rho[1, 2]",0.7,0.168,0.4,0.93,1292,751,1.00,0.0046,0.0029
"rho[1, 3]",0.874,0.099,0.67,0.97,870,714,1.00,0.0035,0.0047
"rho[1, 4]",0.71,0.177,0.39,0.94,1039,698,1.00,0.0056,0.0034
"rho[1, 5]",0.63,0.171,0.35,0.89,737,771,1.00,0.0061,0.0037
"rho[1, 6]",0.69,0.17,0.38,0.93,978,665,1.00,0.0061,0.0037
"rho[1, 7]",0.8,0.165,0.47,0.98,699,683,1.00,0.0055,0.0044
"rho[1, 8]",0.734,0.156,0.45,0.95,1001,765,1.00,0.0048,0.0032
"rho[1, 9]",0.741,0.132,0.5,0.92,1288,674,1.00,0.0036,0.0032
"rho[1, 10]",0.76,0.157,0.48,0.96,790,567,1.01,0.005,0.0033
"rho[1, 11]",0.728,0.155,0.46,0.94,1248,851,1.00,0.0044,0.0029
"rho[1, 12]",0.695,0.164,0.43,0.94,1159,683,1.00,0.0049,0.0027
"rho[1, 13]",0.699,0.162,0.42,0.93,1396,781,1.00,0.0045,0.0026
"rho[1, 14]",0.75,0.149,0.49,0.95,1084,847,1.00,0.0046,0.0029
"rho[1, 15]",0.763,0.15,0.48,0.96,985,713,1.00,0.0049,0.0032
"rho[1, 16]",0.826,0.115,0.6,0.96,1291,758,1.01,0.0033,0.0034
"rho[1, 17]",0.51,0.183,0.23,0.81,1093,671,1.00,0.0055,0.0033
"rho[1, 18]",0.482,0.183,0.22,0.79,1562,717,1.00,0.0046,0.0028
"rho[1, 19]",0.729,0.111,0.55,0.9,1217,644,1.00,0.0031,0.0019
"rho[1, 20]",0.581,0.152,0.34,0.82,1343,772,1.00,0.0042,0.0025
"rho[1, 21]",0.73,0.161,0.42,0.95,984,768,1.00,0.0051,0.0035
"rho[1, 22]",0.816,0.118,0.58,0.96,1087,612,1.01,0.004,0.0038
"rho[1, 23]",0.439,0.171,0.19,0.74,1578,633,1.00,0.0047,0.0029
"rho[1, 24]",0.78,0.184,0.42,0.97,793,823,1.00,0.0059,0.0046
"rho[1, 25]",0.821,0.116,0.59,0.96,703,651,1.00,0.0046,0.0041
"rho[1, 26]",0.76,0.158,0.46,0.95,1006,627,1.01,0.0054,0.0042
"rho[1, 27]",0.76,0.149,0.47,0.95,835,715,1.00,0.0051,0.0037
"rho[1, 28]",0.63,0.191,0.3,0.9,1335,794,1.00,0.0052,0.0029
"rho[1, 29]",0.257,0.129,0.082,0.48,2043,762,1.02,0.0031,0.0024
"rho[1, 30]",0.66,0.151,0.4,0.88,881,757,1.00,0.0051,0.0034
"rho[1, 31]",0.787,0.128,0.54,0.95,1048,809,1.00,0.0041,0.0031
"rho[1, 32]",0.474,0.131,0.26,0.69,1398,700,1.00,0.0035,0.0022
"rho[1, 33]",0.603,0.132,0.38,0.8,1054,743,1.00,0.004,0.0028
"rho[1, 34]",0.582,0.137,0.36,0.8,1450,638,1.00,0.0036,0.0023
"rho[1, 35]",0.58,0.205,0.25,0.9,1424,814,1.00,0.0054,0.0028
"rho[1, 36]",0.647,0.166,0.35,0.89,1236,801,1.00,0.0048,0.003
"rho[1, 37]",0.64,0.192,0.29,0.91,839,594,1.00,0.0068,0.004
"rho[1, 38]",0.604,0.126,0.39,0.79,921,822,1.00,0.0041,0.0033
"rho[1, 39]",0.8,0.14,0.52,0.96,723,565,1.00,0.0053,0.005
"rho[1, 40]",0.59,0.11,0.42,0.77,1169,674,1.00,0.0033,0.0026
"rho[1, 41]",0.86,0.106,0.65,0.97,760,612,1.00,0.0037,0.0039
"rho[1, 42]",0.766,0.147,0.5,0.96,891,758,1.00,0.0048,0.0036
"rho[1, 43]",0.7,0.181,0.38,0.95,1013,825,1.01,0.0056,0.0034
"rho[1, 44]",0.689,0.16,0.41,0.92,1574,687,1.00,0.0043,0.0026
"rho[1, 45]",0.706,0.155,0.43,0.93,1112,671,1.00,0.0047,0.003
"rho[1, 46]",0.684,0.171,0.4,0.93,1692,805,1.00,0.0043,0.0026
"rho[1, 47]",0.866,0.11,0.63,0.98,620,565,1.01,0.0046,0.0054
"rho[1, 48]",0.71,0.156,0.41,0.92,1196,638,1.00,0.0051,0.0038
"rho[1, 49]",0.7,0.201,0.33,0.96,621,532,1.00,0.0075,0.0044
"rho[1, 50]",0.676,0.165,0.4,0.92,1381,647,1.00,0.0044,0.0027
"rho[1, 51]",0.756,0.15,0.48,0.95,1502,786,1.00,0.0037,0.0028
"rho[1, 52]",0.608,0.162,0.35,0.87,1267,530,1.00,0.0045,0.0027
"rho[1, 53]",0.519,0.201,0.22,0.86,1907,694,1.01,0.0047,0.0026
"rho[1, 54]",0.54,0.133,0.32,0.75,1148,689,1.00,0.0039,0.0026
"rho[1, 55]",0.449,0.144,0.23,0.69,1706,733,1.01,0.0035,0.0026
"rho[1, 56]",0.357,0.127,0.19,0.59,1716,762,1.00,0.0033,0.0026
"rho[1, 57]",0.714,0.162,0.43,0.95,1442,692,1.00,0.0045,0.0029
"rho[1, 58]",0.664,0.141,0.42,0.88,1668,707,1.00,0.0034,0.0022
"rho[1, 59]",0.68,0.17,0.39,0.93,1105,623,1.01,0.0053,0.0031
"rho[1, 60]",0.695,0.164,0.4,0.93,1411,676,1.01,0.0045,0.0027
"rho[1, 61]",0.78,0.144,0.52,0.96,1046,756,1.00,0.0045,0.0031
"rho[1, 62]",0.841,0.125,0.59,0.97,845,677,1.00,0.0044,0.0046
"rho[1, 63]",0.43,0.175,0.17,0.73,1230,673,1.00,0.0053,0.003
"rho[1, 64]",0.69,0.162,0.41,0.92,1103,728,1.00,0.0052,0.0031
"rho[1, 65]",0.727,0.15,0.46,0.93,1478,681,1.00,0.0042,0.0028
"rho[1, 66]",0.71,0.177,0.38,0.95,1134,712,1.00,0.0051,0.003
"rho[1, 67]",0.473,0.142,0.27,0.72,2019,919,1.00,0.0033,0.0022
"rho[1, 68]",0.76,0.089,0.62,0.9,1455,799,1.00,0.0023,0.0015
"rho[1, 69]",0.634,0.118,0.46,0.84,999,553,1.00,0.0039,0.003
"rho[1, 70]",0.087,0.077,0.013,0.23,2269,621,1.00,0.002,0.0028
"rho[1, 71]",0.816,0.133,0.56,0.97,704,661,1.00,0.0047,0.0038
"rho[1, 72]",0.864,0.1,0.67,0.97,908,687,1.00,0.0035,0.0042
"rho[1, 73]",0.251,0.081,0.14,0.39,1830,814,1.00,0.0019,0.0018
"rho[1, 74]",0.863,0.102,0.67,0.97,877,746,1.00,0.0037,0.0045
"rho[1, 75]",0.781,0.14,0.5,0.95,949,695,1.00,0.0047,0.0034
"rho[1, 76]",0.582,0.13,0.36,0.79,1173,717,1.00,0.0038,0.0025
"rho[1, 77]",0.425,0.146,0.21,0.69,1522,591,1.00,0.004,0.0028
"rho[1, 78]",0.78,0.14,0.52,0.96,880,722,1.00,0.0047,0.0034
"rho[1, 79]",0.59,0.177,0.31,0.87,1162,772,1.00,0.0051,0.0028
"rho[1, 80]",0.383,0.15,0.17,0.64,1451,681,1.00,0.0042,0.0029
"rho[1, 81]",0.7,0.198,0.34,0.96,568,466,1.00,0.0076,0.0045
"rho[1, 82]",0.727,0.152,0.46,0.94,1159,752,1.00,0.0045,0.003
"rho[1, 83]",0.66,0.183,0.33,0.92,1403,881,1.00,0.0051,0.0031
"rho[1, 84]",0.804,0.154,0.47,0.97,1150,836,1.00,0.0045,0.0041
"rho[1, 85]",0.659,0.178,0.34,0.92,1528,833,1.00,0.0046,0.0026
"rho[1, 86]",0.69,0.178,0.36,0.93,1003,740,1.00,0.0057,0.0041
"rho[1, 87]",0.722,0.155,0.44,0.94,1751,691,1.01,0.0039,0.0022
"rho[1, 88]",0.77,0.15,0.52,0.95,704,326,1.01,0.0077,0.0089
"rho[1, 89]",0.608,0.182,0.31,0.89,1563,807,1.00,0.0046,0.0026
"rho[1, 90]",0.65,0.184,0.33,0.92,1009,745,1.00,0.0059,0.0034
"rho[1, 91]",0.657,0.182,0.34,0.93,1448,742,1.00,0.0048,0.0028
"rho[1, 92]",0.64,0.176,0.35,0.91,851,818,1.00,0.006,0.0034
"rho[1, 93]",0.7,0.157,0.44,0.93,1130,869,1.00,0.0047,0.0027
"rho[1, 94]",0.789,0.136,0.54,0.96,1096,829,1.00,0.0042,0.0028
"rho[1, 95]",0.663,0.164,0.39,0.91,1592,807,1.00,0.0041,0.0023
"rho[1, 96]",0.89,0.06,0.79,0.97,1182,591,1.00,0.0016,0.0013
"rho[1, 97]",0.479,0.115,0.31,0.68,1400,542,1.00,0.0032,0.0023
"rho[1, 98]",0.722,0.159,0.44,0.94,1173,696,1.00,0.0047,0.0029
"rho[1, 99]",0.664,0.108,0.5,0.85,1289,726,1.00,0.003,0.002
"rho[1, 100]",0.76,0.18,0.39,0.96,816,609,1.00,0.0061,0.005
"rho[1, 101]",0.799,0.138,0.54,0.97,833,642,1.00,0.0041,0.0031
"rho[1, 102]",0.644,0.082,0.52,0.78,1755,675,1.00,0.002,0.0014
"rho[1, 103]",0.59,0.208,0.24,0.9,1045,788,1.00,0.0063,0.0035
"rho[1, 104]",0.314,0.072,0.21,0.43,2254,754,1.01,0.0016,0.0012
"rho[1, 105]",0.73,0.16,0.44,0.95,1000,647,1.00,0.0052,0.0032
"rho[1, 106]",0.731,0.163,0.43,0.95,1284,790,1.00,0.0046,0.003
"rho[1, 107]",0.799,0.085,0.66,0.93,1415,687,1.00,0.0022,0.0014
"rho[1, 108]",0.737,0.153,0.46,0.95,1394,710,1.00,0.004,0.0023
"rho[1, 109]",0.49,0.093,0.35,0.64,2051,595,1.00,0.0021,0.0015
"rho[1, 110]",0.753,0.142,0.49,0.94,1036,669,1.00,0.0044,0.003
"rho[1, 111]",0.756,0.085,0.61,0.89,1732,826,1.01,0.002,0.0014
"rho[1, 112]",0.895,0.063,0.8,0.97,1084,709,1.00,0.0021,0.003
"rho[1, 113]",0.77,0.152,0.48,0.96,619,716,1.00,0.0056,0.0039
"rho[1, 114]",0.69,0.189,0.35,0.95,1115,792,1.00,0.0056,0.0032
"rho[1, 115]",0.702,0.151,0.42,0.92,1322,758,1.00,0.0041,0.0027
"rho[1, 116]",0.61,0.196,0.29,0.9,1074,762,1.00,0.006,0.0033
"rho[1, 117]",0.815,0.098,0.65,0.95,1096,691,1.00,0.003,0.003
"rho[1, 118]",0.473,0.169,0.23,0.77,1772,704,1.00,0.0043,0.0028
"rho[1, 119]",0.795,0.1,0.63,0.94,1094,672,1.00,0.0029,0.0021
"rho[1, 120]",0.64,0.173,0.35,0.9,1227,817,1.00,0.0051,0.0031
"rho[1, 121]",0.63,0.212,0.23,0.91,982,691,1.00,0.0073,0.0044
"rho[1, 122]",0.289,0.113,0.14,0.5,1978,647,1.00,0.003,0.0026
"rho[1, 123]",0.706,0.157,0.42,0.93,1461,693,1.00,0.0042,0.0026
"rho[1, 124]",0.7,0.171,0.39,0.93,859,704,1.00,0.0057,0.0034
"rho[1, 125]",0.666,0.16,0.39,0.9,1331,657,1.00,0.0044,0.0026
"rho[1, 126]",0.808,0.135,0.55,0.96,870,573,1.00,0.0049,0.0042
"rho[1, 127]",0.656,0.171,0.36,0.91,1482,829,1.00,0.0046,0.0027
"rho[1, 128]",0.7,0.163,0.4,0.93,1103,682,1.00,0.0052,0.0033
"rho[1, 129]",0.377,0.135,0.18,0.61,1351,868,1.00,0.0038,0.0028
"rho[1, 130]",0.304,0.148,0.11,0.57,1747,995,1.00,0.0035,0.0025
"rho[1, 131]",0.298,0.152,0.092,0.56,1641,661,1.00,0.0041,0.0038
"rho[1, 132]",0.315,0.124,0.15,0.54,1477,655,1.00,0.0037,0.0031
"rho[1, 133]",0.44,0.205,0.16,0.81,1683,730,1.00,0.0051,0.003
"rho[1, 134]",0.252,0.113,0.1,0.47,1729,674,1.00,0.0029,0.0023
"rho[1, 135]",0.724,0.152,0.45,0.94,1429,736,1.00,0.004,0.0024
"rho[1, 136]",0.574,0.147,0.33,0.81,1581,886,1.00,0.0037,0.0023
"rho[1, 137]",0.69,0.165,0.39,0.93,1226,595,1.00,0.005,0.0034
"rho[1, 138]",0.53,0.18,0.27,0.84,1186,643,1.01,0.0055,0.0032
"rho[1, 139]",0.63,0.179,0.34,0.91,1754,846,1.00,0.0044,0.0024
"rho[1, 140]",0.256,0.105,0.11,0.44,2608,729,1.00,0.0025,0.0021
"rho[1, 141]",0.63,0.19,0.32,0.9,1324,793,1.00,0.0054,0.0029
"rho[1, 142]",0.732,0.14,0.46,0.92,1044,743,1.00,0.0044,0.0037
"rho[1, 143]",0.69,0.179,0.38,0.94,1017,742,1.00,0.0056,0.0034
"rho[1, 144]",0.331,0.111,0.17,0.51,1190,664,1.01,0.0033,0.0023
"rho[1, 145]",0.81,0.148,0.51,0.97,919,849,1.00,0.005,0.0043
"rho[1, 146]",0.617,0.165,0.35,0.86,1389,879,1.00,0.0045,0.0026
"rho[1, 147]",0.68,0.176,0.38,0.93,1253,719,1.00,0.0051,0.003
"rho[1, 148]",0.702,0.158,0.43,0.93,1730,761,1.00,0.0038,0.0023
"rho[1, 149]",0.666,0.166,0.39,0.92,1362,838,1.00,0.0044,0.0024
"rho[1, 150]",0.714,0.148,0.45,0.93,1362,774,1.00,0.0039,0.0025
"rho[1, 151]",0.63,0.202,0.28,0.91,1197,908,1.00,0.006,0.0031
"rho[1, 152]",0.75,0.186,0.4,0.96,824,665,1.00,0.0062,0.0041
"rho[1, 153]",0.702,0.153,0.44,0.93,1115,711,1.00,0.0047,0.0028
"rho[1, 154]",0.708,0.162,0.42,0.94,1802,855,1.00,0.0039,0.0024
"rho[1, 155]",0.591,0.196,0.28,0.9,1567,833,1.00,0.0049,0.0027
"rho[1, 156]",0.682,0.091,0.55,0.83,1513,596,1.00,0.0026,0.0023
"rho[1, 157]",0.559,0.147,0.31,0.78,1012,683,1.00,0.0047,0.003
"rho[1, 158]",0.75,0.193,0.35,0.96,853,861,1.00,0.0062,0.0049
"rho[1, 159]",0.649,0.119,0.46,0.84,1065,770,1.00,0.0037,0.0027
"rho[1, 160]",0.642,0.081,0.52,0.77,1521,686,1.00,0.0021,0.0015
"rho[1, 161]",0.55,0.191,0.25,0.86,1199,681,1.00,0.0054,0.003
"rho[1, 162]",0.643,0.169,0.36,0.9,1312,720,1.00,0.0047,0.0027
"rho[1, 163]",0.82,0.12,0.57,0.95,972,783,1.00,0.0037,0.0041
"rho[1, 164]",0.58,0.189,0.27,0.88,1301,580,1.00,0.0054,0.003
"rho[1, 165]",0.65,0.182,0.34,0.91,1263,704,1.00,0.0051,0.0029
"rho[1, 166]",0.54,0.203,0.23,0.87,1331,646,1.00,0.0055,0.0028
"rho[1, 167]",0.698,0.158,0.42,0.93,1357,722,1.00,0.0044,0.0028
"rho[1, 168]",0.74,0.182,0.39,0.96,773,570,1.00,0.0064,0.0045
"rho[1, 169]",0.932,0.042,0.86,0.98,1360,766,1.00,0.0011,0.00091
"rho[1, 170]",0.703,0.156,0.43,0.94,1234,672,1.00,0.0044,0.0026
"rho[1, 171]",0.7,0.189,0.36,0.95,925,743,1.00,0.0063,0.0037
"rho[1, 172]",0.65,0.18,0.35,0.92,1551,643,1.01,0.0045,0.0025
"rho[1, 173]",0.72,0.167,0.42,0.94,946,814,1.00,0.0053,0.0033
"rho[1, 174]",0.64,0.177,0.34,0.91,943,611,1.00,0.0057,0.0033
"rho[1, 175]",0.73,0.188,0.37,0.96,750,629,1.00,0.0058,0.0037
"rho[1, 176]",0.525,0.134,0.32,0.75,1405,597,1.00,0.0035,0.0026
"rho[1, 177]",0.387,0.104,0.23,0.56,1843,773,1.00,0.0025,0.0019
"rho[1, 178]",0.853,0.112,0.63,0.98,857,710,1.00,0.0038,0.0036
"rho[1, 179]",0.75,0.176,0.41,0.96,833,862,1.00,0.0061,0.0045
"rho[1, 180]",0.573,0.153,0.3,0.8,1190,710,1.00,0.0044,0.0028
"rho[1, 181]",0.65,0.19,0.31,0.93,1109,729,1.00,0.0056,0.0032
"rho[1, 182]",0.397,0.149,0.19,0.67,1227,699,1.00,0.0042,0.003
"rho[1, 183]",0.68,0.158,0.4,0.91,1073,687,1.00,0.0048,0.0031
"rho[1, 184]",0.824,0.129,0.57,0.97,907,794,1.00,0.0046,0.0044
"rho[1, 185]",0.74,0.171,0.41,0.95,928,642,1.00,0.0056,0.0036
"rho[1, 186]",0.731,0.16,0.43,0.95,1162,790,1.00,0.0048,0.003
"rho[1, 187]",0.65,0.177,0.35,0.91,1022,805,1.00,0.0055,0.0032
"rho[1, 188]",0.64,0.182,0.32,0.91,1373,656,1.00,0.005,0.003
"rho[1, 189]",0.74,0.185,0.39,0.96,840,597,1.00,0.0059,0.0038
"rho[1, 190]",0.722,0.153,0.46,0.94,1666,925,1.00,0.0037,0.0024
"rho[1, 191]",0.55,0.205,0.23,0.88,1192,761,1.00,0.0059,0.0031
"rho[1, 192]",0.623,0.188,0.3,0.9,1840,919,1.00,0.0045,0.0024
"rho[1, 193]",0.795,0.079,0.67,0.92,1235,695,1.01,0.0022,0.0015
"rho[1, 194]",0.679,0.16,0.41,0.92,1524,681,1.00,0.004,0.0024
"rho[1, 195]",0.68,0.174,0.39,0.93,1261,758,1.00,0.005,0.0028
"rho[1, 196]",0.77,0.156,0.47,0.95,824,626,1.00,0.0059,0.0045
"rho[1, 197]",0.62,0.191,0.29,0.89,1181,730,1.01,0.0056,0.0033
"rho[1, 198]",0.73,0.155,0.44,0.93,800,754,1.00,0.0057,0.0041
"rho[1, 199]",0.811,0.139,0.52,0.96,1167,795,1.00,0.0044,0.004
"rho[1, 200]",0.875,0.12,0.65,0.98,757,698,1.00,0.0044,0.0057
"rho[1, 201]",0.509,0.169,0.24,0.79,1330,646,1.00,0.0046,0.003
"rho[1, 202]",0.56,0.196,0.25,0.87,996,812,1.00,0.0062,0.0035
"rho[1, 203]",0.79,0.147,0.52,0.96,822,594,1.00,0.005,0.0037
"rho[1, 204]",0.831,0.124,0.58,0.97,1002,745,1.00,0.0043,0.0046
"rho[1, 205]",0.822,0.128,0.59,0.97,897,635,1.01,0.0044,0.0039
"rho[1, 206]",0.51,0.177,0.25,0.79,1169,668,1.00,0.005,0.0029
"rho[1, 207]",0.811,0.137,0.54,0.97,645,600,1.00,0.0048,0.0038
"rho[1, 208]",0.787,0.142,0.52,0.96,782,674,1.00,0.0049,0.0039
"rho[1, 209]",0.77,0.152,0.49,0.96,628,640,1.01,0.006,0.0038
"rho[1, 210]",0.811,0.139,0.53,0.97,810,632,1.00,0.0048,0.0037
"rho[1, 211]",0.243,0.117,0.086,0.45,2071,795,1.00,0.0027,0.0021
"rho[1, 212]",0.78,0.14,0.5,0.95,663,608,1.01,0.0055,0.0054
"rho[1, 213]",0.77,0.173,0.41,0.96,759,647,1.00,0.0061,0.0046
"rho[1, 214]",0.573,0.18,0.29,0.87,1419,747,1.00,0.0048,0.0027
"rho[1, 215]",0.573,0.183,0.27,0.85,1491,874,1.00,0.0048,0.0029
"rho[1, 216]",0.84,0.14,0.55,0.98,709,706,1.00,0.0052,0.0058
"rho[1, 217]",0.785,0.094,0.63,0.92,1534,709,1.00,0.0023,0.002
"rho[1, 218]",0.784,0.149,0.48,0.95,991,734,1.00,0.0048,0.0042
"rho[1, 219]",0.311,0.108,0.15,0.49,1616,631,1.01,0.0027,0.0021
"rho[1, 220]",0.795,0.094,0.64,0.93,1409,818,1.00,0.0024,0.0016
"rho[1, 221]",0.607,0.173,0.34,0.88,1915,850,1.00,0.004,0.0023
"rho[1, 222]",0.78,0.18,0.4,0.97,675,641,1.00,0.0066,0.0052
"rho[1, 223]",0.588,0.175,0.31,0.87,1267,659,1.01,0.0048,0.0029
"rho[1, 224]",0.573,0.108,0.4,0.74,1185,611,1.00,0.0032,0.0027
"rho[1, 225]",0.51,0.191,0.21,0.82,1243,666,1.00,0.0054,0.003
"rho[1, 226]",0.688,0.135,0.45,0.89,1721,841,1.00,0.0033,0.0021
"rho[1, 227]",0.68,0.17,0.38,0.91,989,741,1.00,0.0056,0.0043
"rho[1, 228]",0.84,0.15,0.49,0.98,559,549,1.01,0.0066,0.0066
"rho[1, 229]",0.825,0.097,0.67,0.96,1585,900,1.00,0.0026,0.0026
"rho[1, 230]",0.57,0.16,0.3,0.81,1015,782,1.00,0.005,0.0031
"rho[1, 231]",0.645,0.174,0.35,0.9,1465,771,1.01,0.0046,0.0026
"rho[1, 232]",0.65,0.184,0.34,0.92,1199,774,1.00,0.0051,0.0029
"rho[1, 233]",0.532,0.139,0.31,0.76,1514,773,1.01,0.0037,0.0024
"rho[1, 234]",0.524,0.176,0.26,0.82,1565,703,1.00,0.0045,0.0026
"rho[1, 235]",0.73,0.152,0.46,0.94,908,860,1.00,0.0051,0.0031
"rho[1, 236]",0.61,0.181,0.32,0.9,1286,698,1.00,0.005,0.0027
"rho[1, 237]",0.699,0.167,0.41,0.93,1275,802,1.00,0.0047,0.0028
"rho[1, 238]",0.68,0.17,0.38,0.92,1715,841,1.01,0.0042,0.0027
"rho[1, 239]",0.65,0.201,0.31,0.94,999,671,1.00,0.0062,0.0035
"rho[1, 240]",0.769,0.151,0.48,0.96,1107,812,1.00,0.0048,0.0035
"rho[1, 241]",0.541,0.142,0.32,0.77,1857,698,1.00,0.0033,0.002
"rho[1, 242]",0.46,0.208,0.16,0.84,1048,614,1.00,0.0064,0.0036
"rho[1, 243]",0.721,0.159,0.43,0.94,1080,750,1.01,0.0048,0.0031
"rho[2, 0]",0.555,0.134,0.33,0.77,1689,752,1.00,0.0033,0.0021
"rho[2, 1]",0.839,0.074,0.72,0.95,1331,587,1.00,0.0019,0.0014
"rho[2, 2]",0.73,0.165,0.41,0.94,909,843,1.00,0.0056,0.0041
"rho[2, 3]",0.855,0.123,0.6,0.98,772,723,1.00,0.0046,0.0048
"rho[2, 4]",0.67,0.168,0.37,0.9,934,683,1.00,0.0052,0.0035
"rho[2, 5]",0.588,0.159,0.31,0.84,1151,597,1.00,0.0046,0.003
"rho[2, 6]",0.655,0.172,0.35,0.92,1464,826,1.00,0.0048,0.0027
"rho[2, 7]",0.675,0.167,0.39,0.92,1313,739,1.01,0.0046,0.0026
"rho[2, 8]",0.835,0.072,0.72,0.94,1116,608,1.00,0.0023,0.0024
"rho[2, 9]",0.89,0.08,0.77,0.97,1104,699,1.00,0.0031,0.0065
"rho[2, 10]",0.747,0.15,0.48,0.95,1379,653,1.00,0.0041,0.0027
"rho[2, 11]",0.424,0.09,0.28,0.57,1346,681,1.00,0.0025,0.0016
"rho[2, 12]",0.527,0.072,0.42,0.65,1804,794,1.00,0.0018,0.0013
"rho[2, 13]",0.548,0.09,0.41,0.7,1640,704,1.02,0.0022,0.0015
"rho[2, 14]",0.751,0.144,0.5,0.94,1048,717,1.00,0.0044,0.0031
"rho[2, 15]",0.74,0.15,0.46,0.94,1320,753,1.01,0.0044,0.0028
"rho[2, 16]",0.823,0.088,0.68,0.94,935,655,1.00,0.0036,0.0043
"rho[2, 17]",0.893,0.061,0.79,0.97,1751,649,1.00,0.0014,0.001
"rho[2, 18]",0.779,0.113,0.6,0.93,1209,632,1.00,0.0036,0.0036
"rho[2, 19]",0.625,0.107,0.46,0.8,1642,769,1.00,0.0027,0.0018
"rho[2, 20]",0.791,0.083,0.65,0.92,1208,523,1.00,0.0022,0.0015
"rho[2, 21]",0.68,0.175,0.4,0.93,1004,844,1.00,0.0055,0.0031
"rho[2, 22]",0.256,0.072,0.15,0.38,1450,767,1.00,0.0019,0.0016
"rho[2, 23]",0.527,0.184,0.22,0.81,1621,876,1.00,0.0046,0.0027
"rho[2, 24]",0.655,0.165,0.37,0.89,1271,881,1.00,0.0047,0.003
"rho[2, 25]",0.811,0.119,0.57,0.95,784,534,1.00,0.0041,0.0038
"rho[2, 26]",0.751,0.087,0.61,0.9,1393,671,1.00,0.0023,0.0015
"rho[2, 27]",0.858,0.1,0.68,0.97,701,679,1.00,0.0037,0.0049
"rho[2, 28]",0.389,0.095,0.22,0.53,623,528,1.00,0.0039,0.0028
"rho[2, 29]",0.178,0.081,0.072,0.32,2311,904,1.00,0.0017,0.0017
"rho[2, 30]",0.902,0.054,0.8,0.97,1661,749,1.00,0.0012,0.0009
"rho[2, 31]",0.749,0.149,0.49,0.94,967,744,1.00,0.0046,0.0031
"rho[2, 32]",0.72,0.18,0.36,0.94,870,827,1.00,0.0063,0.005
"rho[2, 33]",0.672,0.13,0.47,0.87,843,625,1.00,0.0047,0.0038
"rho[2, 34]",0.551,0.121,0.36,0.75,1504,738,1.00,0.0031,0.0021
"rho[2, 35]",0.6,0.194,0.28,0.89,1243,597,1.00,0.0056,0.003
"rho[2, 36]",0.588,0.148,0.34,0.81,1001,765,1.00,0.0046,0.0029
"rho[2, 37]",0.68,0.156,0.41,0.91,846,380,1.00,0.0059,0.0047
"rho[2, 38]",0.701,0.101,0.55,0.86,1116,664,1.00,0.0031,0.0025
"rho[2, 39]",0.428,0.116,0.26,0.63,1558,590,1.01,0.003,0.0024
"rho[2, 40]",0.65,0.196,0.31,0.92,999,670,1.00,0.0058,0.0031
"rho[2, 41]",0.864,0.106,0.64,0.98,727,500,1.00,0.0039,0.0042
"rho[2, 42]",0.881,0.1,0.67,0.98,754,597,1.00,0.0038,0.0052
"rho[2, 43]",0.519,0.094,0.37,0.67,1675,815,1.00,0.0024,0.0019
"rho[2, 44]",0.283,0.065,0.18,0.39,2124,656,1.01,0.0014,0.0011
"rho[2, 45]",0.908,0.078,0.77,0.98,911,552,1.00,0.003,0.0047
"rho[2, 46]",0.234,0.088,0.13,0.39,1133,813,1.00,0.0028,0.0034
"rho[2, 47]",0.826,0.107,0.63,0.95,650,596,1.00,0.0041,0.0046
"rho[2, 48]",0.82,0.13,0.54,0.95,710,616,1.00,0.0054,0.0065
"rho[2, 49]",0.443,0.106,0.28,0.62,1895,605,1.00,0.0024,0.0018
"rho[2, 50]",0.482,0.089,0.35,0.64,1618,784,1.01,0.0022,0.0019
"rho[2, 51]",0.861,0.112,0.63,0.97,790,588,1.00,0.0039,0.0048
"rho[2, 52]",0.598,0.153,0.35,0.82,1568,865,1.00,0.0038,0.0023
"rho[2, 53]",0.141,0.067,0.056,0.27,1855,781,1.00,0.0016,0.0015
"rho[2, 54]",0.68,0.19,0.34,0.93,1104,867,1.00,0.0055,0.0032
"rho[2, 55]",0.509,0.187,0.23,0.83,1633,935,1.00,0.0048,0.0028
"rho[2, 56]",0.053,0.045,0.0075,0.13,2256,849,1.00,0.001,0.0015
"rho[2, 57]",0.655,0.158,0.39,0.9,1321,791,1.00,0.0044,0.0026
"rho[2, 58]",0.528,0.154,0.27,0.78,995,508,1.00,0.0049,0.0032
"rho[2, 59]",0.683,0.151,0.42,0.9,1603,896,1.00,0.0038,0.0023
"rho[2, 60]",0.589,0.145,0.35,0.82,964,622,1.00,0.0047,0.003
"rho[2, 61]",0.756,0.137,0.51,0.94,933,744,1.00,0.0044,0.003
"rho[2, 62]",0.844,0.115,0.61,0.97,922,685,1.00,0.0042,0.0039
"rho[2, 63]",0.068,0.037,0.021,0.14,1891,672,1.00,0.00087,0.00082
"rho[2, 64]",0.431,0.086,0.28,0.57,1032,495,1.00,0.0028,0.0021
"rho[2, 65]",0.747,0.149,0.48,0.95,1732,691,1.00,0.0035,0.0024
"rho[2, 66]",0.807,0.12,0.6,0.95,966,510,1.01,0.0044,0.0051
"rho[2, 67]",0.027,0.023,0.0045,0.065,1558,776,1.00,0.00071,0.0023
"rho[2, 68]",0.404,0.075,0.29,0.53,1750,789,1.00,0.0018,0.0013
"rho[2, 69]",0.654,0.188,0.33,0.93,1518,795,1.00,0.0047,0.0025
"rho[2, 70]",0.087,0.075,0.013,0.23,1639,727,1.00,0.002,0.0031
"rho[2, 71]",0.817,0.134,0.54,0.97,666,547,1.00,0.0045,0.0035
"rho[2, 72]",0.865,0.105,0.66,0.97,826,695,1.00,0.0037,0.0048
"rho[2, 73]",0.272,0.089,0.15,0.43,1934,770,1.00,0.0021,0.0017
"rho[2, 74]",0.868,0.1,0.67,0.97,813,693,1.00,0.0041,0.0052
"rho[2, 75]",0.884,0.09,0.71,0.98,687,450,1.01,0.0039,0.0051
"rho[2, 76]",0.76,0.147,0.47,0.94,829,508,1.00,0.0051,0.0039
"rho[2, 77]",0.287,0.089,0.15,0.44,1792,783,1.00,0.0021,0.0015
"rho[2, 78]",0.813,0.125,0.59,0.96,627,704,1.00,0.0049,0.0046
"rho[2, 79]",0.343,0.066,0.25,0.46,1404,849,1.00,0.0018,0.0016
"rho[2, 80]",0.05,0.034,0.012,0.11,1883,772,1.00,0.00093,0.002
"rho[2, 81]",0.608,0.16,0.32,0.85,1188,685,1.00,0.0047,0.0031
"rho[2, 82]",0.745,0.137,0.48,0.92,1004,772,1.00,0.0041,0.0035
"rho[2, 83]",0.523,0.09,0.39,0.66,1386,809,1.00,0.0024,0.0017
"rho[2, 84]",0.733,0.141,0.48,0.92,1126,711,1.00,0.0043,0.0032
"rho[2, 85]",0.727,0.151,0.44,0.93,1178,767,1.01,0.0045,0.0034
"rho[2, 86]",0.64,0.204,0.3,0.93,1044,788,1.00,0.0063,0.0034
"rho[2, 87]",0.615,0.07,0.51,0.73,1997,848,1.00,0.0016,0.0011
"rho[2, 88]",0.063,0.043,0.015,0.15,1909,831,1.00,0.001,0.001
"rho[2, 89]",0.285,0.067,0.18,0.4,1898,797,1.00,0.0015,0.0012
"rho[2, 90]",0.346,0.116,0.17,0.54,819,657,1.00,0.0042,0.0028
"rho[2, 91]",0.921,0.057,0.83,0.98,774,567,1.00,0.0025,0.0047
"rho[2, 92]",0.48,0.124,0.3,0.68,1208,720,1.00,0.0036,0.003
"rho[2, 93]",0.312,0.071,0.2,0.43,1314,768,1.00,0.0019,0.0015
"rho[2, 94]",0.804,0.131,0.56,0.96,739,687,1.00,0.0049,0.0038
"rho[2, 95]",0.635,0.17,0.35,0.9,1356,833,1.00,0.0046,0.0026
"rho[2, 96]",0.73,0.173,0.4,0.96,902,585,1.00,0.0062,0.0042
"rho[2, 97]",0.495,0.109,0.34,0.68,1518,814,1.00,0.003,0.0023
"rho[2, 98]",0.726,0.151,0.46,0.94,1193,599,1.00,0.0045,0.0028
"rho[2, 99]",0.76,0.17,0.45,0.95,716,630,1.00,0.0064,0.0053
"rho[2, 100]",0.917,0.07,0.82,0.98,661,488,1.00,0.0043,0.011
"rho[2, 101]",0.808,0.135,0.55,0.97,1271,730,1.00,0.0039,0.0032
"rho[2, 102]",0.8,0.16,0.44,0.96,717,591,1.00,0.0066,0.0059
"rho[2, 103]",0.55,0.216,0.22,0.9,1425,866,1.00,0.0058,0.003
"rho[2, 104]",0.786,0.083,0.65,0.92,1488,632,1.00,0.0021,0.0014
"rho[2, 105]",0.701,0.082,0.57,0.84,1367,843,1.00,0.0022,0.0015
"rho[2, 106]",0.542,0.092,0.39,0.69,1007,795,1.00,0.0029,0.0022
"rho[2, 107]",0.783,0.139,0.52,0.95,1231,610,1.00,0.0038,0.0038
"rho[2, 108]",0.902,0.05,0.81,0.97,1015,609,1.00,0.0015,0.0011
"rho[2, 109]",0.642,0.114,0.47,0.83,1417,898,1.00,0.0031,0.0022
"rho[2, 110]",0.682,0.161,0.41,0.91,1194,799,1.00,0.0047,0.0029
"rho[2, 111]",0.833,0.15,0.53,0.97,761,715,1.00,0.0049,0.0053
"rho[2, 112]",0.778,0.15,0.49,0.96,1085,637,1.00,0.0046,0.0032
"rho[2, 113]",0.582,0.146,0.35,0.82,1231,558,1.01,0.0041,0.0026
"rho[2, 114]",0.55,0.174,0.28,0.84,1143,688,1.00,0.0051,0.003
"rho[2, 115]",0.858,0.067,0.75,0.95,1512,737,1.00,0.0018,0.0023
"rho[2, 116]",0.81,0.15,0.49,0.96,825,678,1.01,0.0055,0.0059
"rho[2, 117]",0.92,0.09,0.75,0.99,234,204,1.01,0.0065,0.012
"rho[2, 118]",0.188,0.073,0.088,0.31,1531,708,1.00,0.0018,0.0016
"rho[2, 119]",0.188,0.083,0.082,0.34,1583,809,1.00,0.0022,0.003
"rho[2, 120]",0.787,0.088,0.64,0.93,1376,756,1.00,0.0023,0.0014
"rho[2, 121]",0.69,0.16,0.37,0.9,867,591,1.00,0.0057,0.0053
"rho[2, 122]",0.204,0.078,0.1,0.34,2657,712,1.00,0.0016,0.0015
"rho[2, 123]",0.849,0.066,0.74,0.95,1081,629,1.01,0.0019,0.0013
"rho[2, 124]",0.594,0.086,0.46,0.73,1672,639,1.00,0.0022,0.0016
"rho[2, 125]",0.36,0.115,0.17,0.53,492,865,1.00,0.0054,0.0034
"rho[2, 126]",0.73,0.093,0.59,0.88,1179,802,1.01,0.0027,0.0019
"rho[2, 127]",0.57,0.09,0.43,0.71,1380,745,1.00,0.0025,0.002
"rho[2, 128]",0.727,0.149,0.47,0.93,939,701,1.00,0.0047,0.0033
"rho[2, 129]",0.36,0.188,0.11,0.7,1357,640,1.01,0.0058,0.0038
"rho[2, 130]",0.17,0.1,0.054,0.34,1617,655,1.00,0.0024,0.003
"rho[2, 131]",0.29,0.137,0.12,0.54,2678,924,1.00,0.003,0.0025
"rho[2, 132]",0.48,0.22,0.15,0.85,1165,769,1.00,0.0067,0.0035
"rho[2, 133]",0.058,0.046,0.01,0.14,1743,936,1.00,0.0013,0.0015
"rho[2, 134]",0.65,0.207,0.25,0.91,940,687,1.00,0.007,0.0042
"rho[2, 135]",0.548,0.06,0.46,0.65,2066,952,1.00,0.0014,0.00095
"rho[2, 136]",0.53,0.091,0.39,0.67,1930,808,1.00,0.0021,0.0015
"rho[2, 137]",0.491,0.136,0.28,0.7,912,749,1.00,0.0045,0.0033
"rho[2, 138]",0.382,0.107,0.23,0.56,1394,686,1.00,0.0029,0.0026
"rho[2, 139]",0.376,0.118,0.21,0.58,1334,766,1.00,0.0035,0.0027
"rho[2, 140]",0.043,0.036,0.007,0.11,1865,844,1.00,0.00095,0.0013
"rho[2, 141]",0.467,0.106,0.3,0.63,1751,703,1.00,0.0026,0.0022
"rho[2, 142]",0.66,0.179,0.35,0.91,1009,636,1.01,0.0053,0.0035
"rho[2, 143]",0.68,0.176,0.37,0.93,982,807,1.00,0.0055,0.0032
"rho[2, 144]",0.434,0.14,0.21,0.66,1346,848,1.00,0.0039,0.0023
"rho[2, 145]",0.854,0.13,0.6,0.97,777,689,1.00,0.0048,0.0056
"rho[2, 146]",0.539,0.159,0.29,0.8,1699,672,1.00,0.0039,0.0024
"rho[2, 147]",0.695,0.12,0.5,0.87,869,613,1.01,0.0041,0.0036
"rho[2, 148]",0.805,0.132,0.55,0.96,836,636,1.00,0.0042,0.0044
"rho[2, 149]",0.186,0.056,0.11,0.28,1649,659,1.00,0.0014,0.0012
"rho[2, 150]",0.762,0.086,0.63,0.9,1662,665,1.00,0.0021,0.0018
"rho[2, 151]",0.516,0.097,0.37,0.68,2433,713,1.00,0.0022,0.0017
"rho[2, 152]",0.751,0.151,0.46,0.94,1353,729,1.00,0.0045,0.0038
"rho[2, 153]",0.242,0.059,0.15,0.34,1602,940,1.00,0.0015,0.00095
"rho[2, 154]",0.74,0.152,0.48,0.95,754,430,1.00,0.0053,0.0035
"rho[2, 155]",0.526,0.152,0.27,0.77,1268,600,1.00,0.0043,0.0029
"rho[2, 156]",0.72,0.182,0.39,0.95,964,811,1.00,0.0057,0.0037
"rho[2, 157]",0.813,0.092,0.65,0.95,1531,739,1.00,0.0022,0.0014
"rho[2, 158]",0.51,0.174,0.22,0.78,710,509,1.00,0.0065,0.0037
"rho[2, 159]",0.69,0.173,0.36,0.91,997,712,1.00,0.0056,0.0039
"rho[2, 160]",0.682,0.145,0.4,0.88,1137,844,1.01,0.0042,0.003
"rho[2, 161]",0.417,0.195,0.14,0.76,1846,756,1.00,0.0046,0.0028
"rho[2, 162]",0.806,0.086,0.67,0.93,1552,625,1.00,0.0021,0.0014
"rho[2, 163]",0.78,0.148,0.49,0.96,933,622,1.00,0.005,0.0037
"rho[2, 164]",0.241,0.091,0.11,0.39,1357,781,1.01,0.0024,0.0019
"rho[2, 165]",0.64,0.166,0.35,0.89,1155,784,1.00,0.0047,0.0029
"rho[2, 166]",0.65,0.169,0.35,0.89,1108,719,1.01,0.0052,0.0034
"rho[2, 167]",0.75,0.161,0.46,0.95,846,753,1.00,0.0053,0.0036
"rho[2, 168]",0.78,0.15,0.46,0.95,688,544,1.00,0.0063,0.0067
"rho[2, 169]",0.589,0.131,0.37,0.8,1177,705,1.00,0.0039,0.0024
"rho[2, 170]",0.728,0.124,0.51,0.91,989,627,1.00,0.004,0.0031
"rho[2, 171]",0.59,0.156,0.33,0.83,817,638,1.00,0.0054,0.0036
"rho[2, 172]",0.596,0.109,0.43,0.77,1504,716,1.00,0.003,0.0024
"rho[2, 173]",0.689,0.167,0.4,0.93,1391,875,1.00,0.0044,0.0026
"rho[2, 174]",0.64,0.174,0.31,0.88,1293,809,1.00,0.005,0.0036
"rho[2, 175]",0.761,0.111,0.57,0.92,990,638,1.00,0.0037,0.003
"rho[2, 176]",0.56,0.194,0.25,0.87,1194,767,1.00,0.0056,0.0031
"rho[2, 177]",0.57,0.102,0.41,0.73,1215,691,1.00,0.003,0.0025
"rho[2, 178]",0.847,0.124,0.59,0.97,1038,778,1.00,0.0041,0.0042
"rho[2, 179]",0.706,0.134,0.46,0.89,957,674,1.00,0.0046,0.004
"rho[2, 180]",0.64,0.169,0.32,0.87,1050,572,1.00,0.0054,0.0039
"rho[2, 181]",0.75,0.144,0.48,0.93,873,697,1.00,0.005,0.0044
"rho[2, 182]",0.309,0.102,0.17,0.49,1812,746,1.00,0.0025,0.0022
"rho[2, 183]",0.74,0.18,0.42,0.96,806,468,1.00,0.0059,0.0039
"rho[2, 184]",0.569,0.172,0.29,0.84,1294,658,1.00,0.0048,0.0029
"rho[2, 185]",0.68,0.169,0.39,0.93,2217,905,1.00,0.0037,0.0022
"rho[2, 186]",0.75,0.151,0.47,0.95,788,675,1.00,0.0054,0.0038
"rho[2, 187]",0.59,0.176,0.26,0.85,1150,831,1.00,0.0053,0.0033
"rho[2, 188]",0.706,0.108,0.53,0.87,1450,867,1.00,0.0028,0.0022
"rho[2, 189]",0.6,0.154,0.35,0.84,896,595,1.00,0.005,0.0034
"rho[2, 190]",0.649,0.078,0.52,0.77,994,748,1.00,0.0026,0.0021
"rho[2, 191]",0.431,0.102,0.29,0.61,931,516,1.00,0.0039,0.0036
"rho[2, 192]",0.549,0.114,0.38,0.74,1332,860,1.00,0.0031,0.0024
"rho[2, 193]",0.66,0.162,0.4,0.9,971,583,1.00,0.005,0.0028
"rho[2, 194]",0.72,0.171,0.41,0.94,946,707,1.00,0.0059,0.0037
"rho[2, 195]",0.71,0.178,0.38,0.95,835,853,1.00,0.006,0.0039
"rho[2, 196]",0.48,0.08,0.35,0.61,1647,497,1.00,0.002,0.0014
"rho[2, 197]",0.502,0.143,0.28,0.74,1393,800,1.00,0.0038,0.0028
"rho[2, 198]",0.344,0.076,0.24,0.48,2672,697,1.00,0.0017,0.0015
"rho[2, 199]",0.72,0.161,0.43,0.94,1007,619,1.01,0.0052,0.0034
"rho[2, 200]",0.82,0.134,0.56,0.97,687,723,1.00,0.0051,0.0043
"rho[2, 201]",0.37,0.172,0.11,0.66,1162,793,1.01,0.005,0.0034
"rho[2, 202]",0.57,0.111,0.4,0.74,1698,783,1.01,0.0027,0.0021
"rho[2, 203]",0.718,0.132,0.48,0.9,1692,754,1.01,0.0034,0.0024
"rho[2, 204]",0.729,0.157,0.46,0.94,1058,631,1.01,0.0049,0.0029
"rho[2, 205]",0.81,0.14,0.53,0.97,833,602,1.00,0.0051,0.0044
"rho[2, 206]",0.18,0.045,0.12,0.26,2121,693,1.00,0.00099,0.00072
"rho[2, 207]",0.799,0.14,0.53,0.97,879,698,1.00,0.0046,0.0033
"rho[2, 208]",0.789,0.14,0.54,0.96,1058,769,1.00,0.0042,0.003
"rho[2, 209]",0.844,0.073,0.73,0.95,1179,806,1.00,0.0022,0.0027
"rho[2, 210]",0.808,0.143,0.53,0.97,957,680,1.00,0.0045,0.0041
"rho[2, 211]",0.41,0.207,0.12,0.78,1167,722,1.00,0.0061,0.0036
"rho[2, 212]",0.669,0.104,0.5,0.82,1271,837,1.01,0.003,0.0023
"rho[2, 213]",0.905,0.08,0.77,0.98,619,420,1.00,0.0048,0.0072
"rho[2, 214]",0.434,0.103,0.28,0.6,1815,712,1.00,0.0025,0.0021
"rho[2, 215]",0.642,0.163,0.35,0.88,1101,651,1.01,0.0049,0.0035
"rho[2, 216]",0.68,0.184,0.36,0.94,770,477,1.00,0.0063,0.0036
"rho[2, 217]",0.7,0.167,0.39,0.93,1141,711,1.00,0.005,0.0034
"rho[2, 218]",0.81,0.15,0.5,0.97,741,511,1.00,0.0054,0.005
"rho[2, 219]",0.588,0.182,0.3,0.88,1446,628,1.00,0.0049,0.0028
"rho[2, 220]",0.591,0.161,0.31,0.83,1315,779,1.00,0.0046,0.003
"rho[2, 221]",0.48,0.141,0.26,0.71,1193,819,1.00,0.0041,0.0028
"rho[2, 222]",0.625,0.176,0.33,0.88,1172,667,1.00,0.0049,0.0028
"rho[2, 223]",0.272,0.103,0.13,0.45,1401,925,1.00,0.0029,0.0022
"rho[2, 224]",0.48,0.115,0.29,0.66,1250,787,1.00,0.0032,0.0022
"rho[2, 225]",0.29,0.126,0.11,0.5,1567,762,1.01,0.0033,0.0025
"rho[2, 226]",0.15,0.084,0.051,0.3,2123,622,1.00,0.0025,0.0026
"rho[2, 227]",0.233,0.12,0.077,0.45,1491,945,1.00,0.0032,0.0029
"rho[2, 228]",0.554,0.136,0.33,0.78,889,660,1.00,0.0045,0.0031
"rho[2, 229]",0.623,0.182,0.32,0.91,1755,802,1.00,0.0044,0.0025
"rho[2, 230]",0.601,0.101,0.45,0.76,1976,813,1.00,0.0023,0.0016
"rho[2, 231]",0.71,0.161,0.43,0.93,956,739,1.00,0.005,0.0032
"rho[2, 232]",0.66,0.158,0.35,0.88,1043,688,1.01,0.0051,0.0041
"rho[2, 233]",0.64,0.103,0.49,0.82,1422,545,1.00,0.0029,0.0021
"rho[2, 234]",0.579,0.173,0.28,0.85,1426,797,1.00,0.0047,0.0028
"rho[2, 235]",0.756,0.094,0.59,0.89,1458,807,1.00,0.0026,0.0021
"rho[2, 236]",0.305,0.099,0.16,0.47,1464,758,1.00,0.0027,0.0027
"rho[2, 237]",0.507,0.161,0.27,0.78,1243,605,1.01,0.0048,0.0032
"rho[2, 238]",0.67,0.11,0.51,0.84,890,697,1.00,0.0038,0.0033
"rho[2, 239]",0.809,0.112,0.62,0.95,1137,608,1.00,0.0033,0.0038
"rho[2, 240]",0.767,0.145,0.5,0.96,1070,762,1.00,0.0045,0.0033
"rho[2, 241]",0.863,0.076,0.73,0.97,1500,715,1.00,0.0019,0.0013
"rho[2, 242]",0.45,0.15,0.24,0.72,1259,612,1.00,0.0044,0.0033
"rho[2, 243]",0.757,0.079,0.63,0.89,1378,647,1.00,0.0021,0.0014
"rho[3, 0]",0.362,0.076,0.26,0.49,1533,771,1.00,0.0023,0.0024
"rho[3, 1]",0.804,0.093,0.65,0.93,1166,714,1.00,0.003,0.0036
"rho[3, 2]",0.647,0.104,0.48,0.82,1043,637,1.01,0.0032,0.0024
"rho[3, 3]",0.508,0.111,0.33,0.68,1516,682,1.00,0.0029,0.002
"rho[3, 4]",0.562,0.127,0.39,0.8,1439,658,1.00,0.0034,0.0023
"rho[3, 5]",0.67,0.145,0.41,0.88,680,556,1.01,0.0057,0.0046
"rho[3, 6]",0.473,0.118,0.3,0.67,1642,782,1.00,0.003,0.002
"rho[3, 7]",0.785,0.078,0.66,0.9,1236,746,1.00,0.0022,0.0018
"rho[3, 8]",0.313,0.068,0.21,0.43,2351,731,1.00,0.0014,0.001
"rho[3, 9]",0.67,0.197,0.31,0.95,780,661,1.00,0.007,0.0044
"rho[3, 10]",0.534,0.074,0.43,0.65,1515,698,1.00,0.002,0.0018
"rho[3, 11]",0.453,0.107,0.29,0.63,1257,802,1.00,0.0031,0.0021
"rho[3, 12]",0.256,0.093,0.14,0.43,536,298,1.00,0.0049,0.0043
"rho[3, 13]",0.308,0.061,0.22,0.41,2024,757,1.00,0.0014,0.0012
"rho[3, 14]",0.587,0.066,0.48,0.7,1776,771,1.00,0.0016,0.0012
"rho[3, 15]",0.436,0.099,0.28,0.6,1558,797,1.00,0.0025,0.0016
"rho[3, 16]",0.841,0.097,0.67,0.96,863,614,1.00,0.0033,0.0037
"rho[3, 17]",0.65,0.119,0.47,0.84,1272,868,1.00,0.0033,0.0028
"rho[3, 18]",0.288,0.134,0.11,0.53,1342,616,1.00,0.0043,0.0041
"rho[3, 19]",0.491,0.136,0.29,0.72,1228,671,1.00,0.004,0.0031
"rho[3, 20]",0.201,0.06,0.12,0.3,1490,760,1.00,0.0019,0.0033
"rho[3, 21]",0.369,0.101,0.22,0.53,1647,703,1.01,0.0025,0.0017
"rho[3, 22]",0.498,0.111,0.32,0.67,858,727,1.00,0.0038,0.0026
"rho[3, 23]",0.286,0.093,0.14,0.43,1046,700,1.00,0.0029,0.0023
"rho[3, 24]",0.511,0.134,0.3,0.73,1164,674,1.01,0.0039,0.0029
"rho[3, 25]",0.819,0.121,0.58,0.96,749,695,1.00,0.0045,0.0042
"rho[3, 26]",0.563,0.086,0.43,0.7,2081,766,1.00,0.0019,0.0013
"rho[3, 27]",0.546,0.096,0.4,0.7,1375,808,1.00,0.0027,0.0022
"rho[3, 28]",0.659,0.093,0.51,0.81,1418,760,1.00,0.0025,0.0017
"rho[3, 29]",0.112,0.077,0.027,0.25,2362,684,1.00,0.0019,0.0034
"rho[3, 30]",0.882,0.066,0.76,0.97,1352,578,1.00,0.0016,0.0012
"rho[3, 31]",0.712,0.077,0.6,0.84,1202,693,1.00,0.0022,0.0015
"rho[3, 32]",0.722,0.142,0.47,0.91,1089,629,1.00,0.0046,0.0041
"rho[3, 33]",0.7,0.173,0.38,0.92,978,756,1.00,0.0056,0.0033
"rho[3, 34]",0.704,0.149,0.43,0.92,1216,847,1.00,0.0044,0.0029
"rho[3, 35]",0.767,0.113,0.58,0.93,996,674,1.00,0.0036,0.003
"rho[3, 36]",0.231,0.055,0.15,0.33,2437,851,1.00,0.0012,0.00097
"rho[3, 37]",0.226,0.085,0.11,0.38,1483,820,1.01,0.0022,0.0018
"rho[3, 38]",0.927,0.049,0.85,0.98,1238,814,1.00,0.0016,0.003
"rho[3, 39]",0.594,0.08,0.47,0.72,1276,751,1.00,0.0023,0.002
"rho[3, 40]",0.266,0.083,0.15,0.41,1755,880,1.00,0.002,0.0017
"rho[3, 41]",0.861,0.109,0.64,0.97,891,691,1.00,0.004,0.0049
"rho[3, 42]",0.755,0.103,0.58,0.9,1056,569,1.00,0.0035,0.0032
"rho[3, 43]",0.761,0.136,0.51,0.94,1010,563,1.01,0.0043,0.0036
"rho[3, 44]",0.476,0.062,0.39,0.58,1842,690,1.00,0.0016,0.0015
"rho[3, 45]",0.341,0.058,0.25,0.44,1751,627,1.01,0.0014,0.0011
"rho[3, 46]",0.472,0.147,0.27,0.75,1557,829,1.00,0.0039,0.0029
"rho[3, 47]",0.572,0.126,0.37,0.77,1174,727,1.00,0.0036,0.0022
"rho[3, 48]",0.74,0.145,0.47,0.93,753,708,1.01,0.0056,0.0046
"rho[3, 49]",0.208,0.077,0.098,0.33,1191,769,1.00,0.0023,0.0024
"rho[3, 50]",0.268,0.054,0.18,0.35,1747,551,1.00,0.0014,0.0012
"rho[3, 51]",0.801,0.107,0.61,0.94,1131,600,1.00,0.0034,0.0034
"rho[3, 52]",0.406,0.1,0.26,0.57,987,696,1.00,0.0035,0.0036
"rho[3, 53]",0.53,0.176,0.24,0.81,863,718,1.00,0.006,0.0035
"rho[3, 54]",0.391,0.093,0.24,0.55,1992,788,1.00,0.0021,0.0014
"rho[3, 55]",0.044,0.04,0.0067,0.11,1586,555,1.00,0.0013,0.006
"rho[3, 56]",0.051,0.043,0.0083,0.13,1547,688,1.00,0.0012,0.0023
"rho[3, 57]",0.219,0.09,0.14,0.38,698,594,1.00,0.004,0.007
"rho[3, 58]",0.375,0.084,0.26,0.52,1468,715,1.00,0.0026,0.0022
"rho[3, 59]",0.146,0.032,0.1,0.2,2413,738,1.01,0.00073,0.00064
"rho[3, 60]",0.202,0.05,0.13,0.29,1404,735,1.00,0.0014,0.00091
"rho[3, 61]",0.518,0.06,0.43,0.62,1499,738,1.00,0.0016,0.0013
"rho[3, 62]",0.606,0.123,0.4,0.8,799,623,1.01,0.0043,0.0029
"rho[3, 63]",0.216,0.09,0.11,0.37,1290,731,1.00,0.003,0.0044
"rho[3, 64]",0.125,0.057,0.064,0.22,1078,708,1.00,0.0019,0.0034
"rho[3, 65]",0.115,0.0245,0.08,0.16,2942,702,1.00,0.00053,0.00044
"rho[3, 66]",0.584,0.12,0.37,0.76,834,445,1.00,0.0042,0.0032
"rho[3, 67]",0.34,0.134,0.13,0.55,1153,838,1.00,0.004,0.0028
"rho[3, 68]",0.408,0.075,0.29,0.53,2102,821,1.00,0.0017,0.0012
"rho[3, 69]",0.404,0.123,0.23,0.62,1238,807,1.00,0.0037,0.0028
"rho[3, 70]",0.087,0.074,0.014,0.2,2122,748,1.01,0.002,0.0036
"rho[3, 71]",0.412,0.093,0.27,0.56,1222,862,1.00,0.0027,0.0017
"rho[3, 72]",0.576,0.125,0.36,0.77,1168,737,1.00,0.0036,0.0021
"rho[3, 73]",0.039,0.032,0.0049,0.096,1530,600,1.00,0.00085,0.0014
"rho[3, 74]",0.773,0.115,0.54,0.92,1260,816,1.00,0.0033,0.0028
"rho[3, 75]",0.52,0.094,0.37,0.66,1040,701,1.00,0.003,0.002
"rho[3, 76]",0.216,0.067,0.13,0.34,1134,495,1.00,0.0022,0.0016
"rho[3, 77]",0.026,0.023,0.0038,0.066,1589,715,1.00,0.00066,0.0016
"rho[3, 78]",0.335,0.079,0.21,0.46,808,781,1.00,0.0028,0.0018
"rho[3, 79]",0.141,0.045,0.078,0.21,1586,1044,1.00,0.0012,0.00094
"rho[3, 80]",0.46,0.15,0.24,0.71,896,767,1.00,0.0051,0.0032
"rho[3, 81]",0.521,0.141,0.29,0.76,970,707,1.00,0.0046,0.0032
"rho[3, 82]",0.401,0.101,0.24,0.57,773,634,1.01,0.0036,0.0025
"rho[3, 83]",0.508,0.126,0.29,0.7,1111,994,1.00,0.0038,0.0026
"rho[3, 84]",0.613,0.122,0.41,0.8,1334,791,1.00,0.0033,0.0022
"rho[3, 85]",0.381,0.109,0.22,0.55,1145,604,1.00,0.0036,0.0033
"rho[3, 86]",0.431,0.131,0.21,0.63,809,794,1.00,0.0047,0.0031
"rho[3, 87]",0.559,0.073,0.46,0.67,2131,578,1.00,0.0017,0.0017
"rho[3, 88]",0.041,0.032,0.0062,0.1,1378,706,1.00,0.00082,0.00096
"rho[3, 89]",0.14,0.061,0.071,0.24,1110,726,1.00,0.0021,0.0039
"rho[3, 90]",0.194,0.048,0.12,0.28,1601,725,1.00,0.0012,0.00084
"rho[3, 91]",0.552,0.084,0.43,0.69,1758,784,1.01,0.002,0.0014
"rho[3, 92]",0.74,0.107,0.57,0.91,1093,592,1.00,0.0032,0.0023
"rho[3, 93]",0.131,0.036,0.079,0.19,1777,798,1.00,0.00086,0.00062
"rho[3, 94]",0.277,0.061,0.19,0.39,1769,784,1.00,0.0015,0.0012
"rho[3, 95]",0.161,0.038,0.11,0.23,1298,724,1.00,0.0011,0.00088
"rho[3, 96]",0.543,0.115,0.34,0.72,989,730,1.00,0.0036,0.0029
"rho[3, 97]",0.194,0.084,0.085,0.34,1278,847,1.01,0.0026,0.0035
"rho[3, 98]",0.193,0.039,0.14,0.26,1773,819,1.00,0.00097,0.00078
"rho[3, 99]",0.223,0.076,0.12,0.35,2285,818,1.00,0.0017,0.0015
"rho[3, 100]",0.116,0.034,0.069,0.17,2340,838,1.00,0.00074,0.00059
"rho[3, 101]",0.481,0.103,0.31,0.63,1204,976,1.00,0.003,0.0019
"rho[3, 102]",0.581,0.12,0.38,0.77,1248,797,1.00,0.0034,0.0023
"rho[3, 103]",0.478,0.129,0.29,0.7,1387,705,1.00,0.0036,0.0027
"rho[3, 104]",0.586,0.136,0.36,0.8,1545,818,1.00,0.0035,0.0026
"rho[3, 105]",0.584,0.12,0.38,0.76,714,553,1.00,0.0045,0.0035
"rho[3, 106]",0.691,0.146,0.42,0.9,993,614,1.01,0.0045,0.0032
"rho[3, 107]",0.435,0.071,0.33,0.55,2090,665,1.01,0.0016,0.0012
"rho[3, 108]",0.773,0.092,0.63,0.92,1257,795,1.00,0.0025,0.0015
"rho[3, 109]",0.598,0.186,0.29,0.88,1739,718,1.00,0.0046,0.0025
"rho[3, 110]",0.618,0.138,0.38,0.82,1492,650,1.00,0.0037,0.0024
"rho[3, 111]",0.384,0.093,0.24,0.53,1708,621,1.00,0.0022,0.0014
"rho[3, 112]",0.76,0.153,0.48,0.95,676,630,1.00,0.0054,0.0037
"rho[3, 113]",0.662,0.14,0.41,0.85,956,843,1.00,0.0045,0.0033
"rho[3, 114]",0.46,0.096,0.31,0.61,1587,743,1.00,0.0024,0.0019
"rho[3, 115]",0.846,0.071,0.72,0.95,1925,508,1.00,0.0016,0.0011
"rho[3, 116]",0.299,0.096,0.16,0.46,1660,558,1.00,0.0025,0.0022
"rho[3, 117]",0.44,0.122,0.25,0.66,618,299,1.01,0.0052,0.0036
"rho[3, 118]",0.18,0.085,0.076,0.33,1863,811,1.00,0.0023,0.003
"rho[3, 119]",0.526,0.153,0.3,0.79,1241,797,1.00,0.0044,0.003
"rho[3, 120]",0.551,0.111,0.38,0.73,1212,914,1.00,0.0032,0.0026
"rho[3, 121]",0.317,0.104,0.17,0.5,1843,758,1.00,0.0025,0.0018
"rho[3, 122]",0.041,0.033,0.0066,0.1,1918,710,1.00,0.00079,0.00094
"rho[3, 123]",0.207,0.06,0.13,0.3,895,494,1.00,0.0027,0.0034
"rho[3, 124]",0.411,0.089,0.26,0.55,880,552,1.00,0.0031,0.0023
"rho[3, 125]",0.311,0.1,0.19,0.48,935,615,1.00,0.0044,0.0061
"rho[3, 126]",0.606,0.084,0.47,0.74,1165,655,1.00,0.0025,0.0021
"rho[3, 127]",0.298,0.067,0.2,0.41,2085,823,1.00,0.0015,0.0011
"rho[3, 128]",0.228,0.057,0.14,0.33,1388,705,1.01,0.0015,0.0011
"rho[3, 129]",0.118,0.069,0.035,0.26,2177,840,1.00,0.0017,0.0014
"rho[3, 130]",0.073,0.06,0.011,0.18,1410,715,1.00,0.0018,0.0023
"rho[3, 131]",0.049,0.038,0.0067,0.12,1378,660,1.00,0.001,0.0012
"rho[3, 132]",0.088,0.053,0.027,0.19,1870,804,1.00,0.0013,0.0012
"rho[3, 133]",0.249,0.138,0.073,0.49,1800,612,1.00,0.0038,0.0036
"rho[3, 134]",0.339,0.121,0.16,0.54,1365,831,1.00,0.0032,0.0025
"rho[3, 135]",0.654,0.09,0.52,0.81,1660,673,1.00,0.0024,0.0017
"rho[3, 136]",0.151,0.049,0.082,0.24,1769,832,1.00,0.0012,0.00094
"rho[3, 137]",0.16,0.067,0.063,0.27,1847,924,1.00,0.0016,0.0011
"rho[3, 138]",0.077,0.042,0.025,0.15,1757,874,1.00,0.0011,0.0014
"rho[3, 139]",0.065,0.031,0.026,0.12,2485,824,1.01,0.0007,0.00069
"rho[3, 140]",0.057,0.038,0.016,0.13,1689,878,1.00,0.00089,0.0013
"rho[3, 141]",0.404,0.112,0.25,0.59,870,701,1.01,0.0041,0.0036
"rho[3, 142]",0.553,0.107,0.39,0.73,1177,720,1.00,0.0033,0.0029
"rho[3, 143]",0.354,0.106,0.2,0.54,1649,844,1.00,0.0026,0.0017
"rho[3, 144]",0.28,0.081,0.17,0.42,1329,532,1.01,0.0025,0.002
"rho[3, 145]",0.227,0.057,0.15,0.33,1776,748,1.00,0.0014,0.0011
"rho[3, 146]",0.082,0.037,0.036,0.14,1798,824,1.00,0.00091,0.0015
"rho[3, 147]",0.324,0.062,0.22,0.42,2098,749,1.00,0.0013,0.00098
"rho[3, 148]",0.39,0.054,0.31,0.49,1771,845,1.00,0.0013,0.00087
"rho[3, 149]",0.234,0.06,0.14,0.33,1897,536,1.00,0.0013,0.00094
"rho[3, 150]",0.184,0.043,0.12,0.25,1786,722,1.00,0.0012,0.0017
"rho[3, 151]",0.271,0.073,0.16,0.39,1938,660,1.00,0.0016,0.0013
"rho[3, 152]",0.573,0.094,0.44,0.73,1696,510,1.00,0.0024,0.0018
"rho[3, 153]",0.242,0.043,0.18,0.31,1948,742,1.00,0.00097,0.00076
"rho[3, 154]",0.46,0.127,0.24,0.63,622,682,1.00,0.005,0.0031
"rho[3, 155]",0.215,0.087,0.099,0.37,1516,755,1.00,0.0024,0.002
"rho[3, 156]",0.457,0.111,0.28,0.63,1219,771,1.00,0.0032,0.0023
"rho[3, 157]",0.587,0.17,0.31,0.85,1246,836,1.00,0.0048,0.0028
"rho[3, 158]",0.47,0.166,0.2,0.74,1120,837,1.00,0.005,0.0031
"rho[3, 159]",0.395,0.105,0.23,0.57,1365,827,1.00,0.0029,0.0019
"rho[3, 160]",0.829,0.075,0.7,0.94,1203,685,1.00,0.0021,0.0018
"rho[3, 161]",0.037,0.029,0.0065,0.095,1468,868,1.00,0.00083,0.00098
"rho[3, 162]",0.662,0.127,0.46,0.87,1263,763,1.00,0.0036,0.0026
"rho[3, 163]",0.598,0.144,0.37,0.84,1336,588,1.00,0.0039,0.0024
"rho[3, 164]",0.1,0.047,0.04,0.18,1766,731,1.00,0.0012,0.0011
"rho[3, 165]",0.372,0.117,0.2,0.57,1483,569,1.00,0.003,0.0023
"rho[3, 166]",0.333,0.105,0.18,0.51,1198,665,1.00,0.0032,0.0032
"rho[3, 167]",0.646,0.083,0.52,0.78,1799,604,1.00,0.002,0.0014
"rho[3, 168]",0.314,0.102,0.16,0.49,1250,688,1.00,0.003,0.0021
"rho[3, 169]",0.627,0.078,0.51,0.75,1443,771,1.00,0.0021,0.002
"rho[3, 170]",0.505,0.102,0.33,0.66,1414,849,1.01,0.0027,0.0019
"rho[3, 171]",0.335,0.115,0.16,0.53,1243,832,1.00,0.0034,0.0021
"rho[3, 172]",0.364,0.098,0.2,0.53,1301,640,1.00,0.0027,0.002
"rho[3, 173]",0.08,0.026,0.044,0.13,1821,788,1.00,0.00063,0.00051
"rho[3, 174]",0.177,0.072,0.08,0.3,1212,675,1.00,0.0021,0.002
"rho[3, 175]",0.516,0.119,0.34,0.71,1395,761,1.00,0.0034,0.0028
"rho[3, 176]",0.223,0.072,0.12,0.35,1968,632,1.00,0.0017,0.0013
"rho[3, 177]",0.686,0.165,0.41,0.92,1299,875,1.00,0.0046,0.0026
"rho[3, 178]",0.727,0.128,0.5,0.91,771,721,1.00,0.0045,0.0032
"rho[3, 179]",0.483,0.105,0.32,0.65,1383,676,1.00,0.0029,0.0023
"rho[3, 180]",0.495,0.145,0.28,0.74,1567,776,1.00,0.0037,0.0026
"rho[3, 181]",0.302,0.072,0.2,0.42,1498,756,1.00,0.0019,0.0014
"rho[3, 182]",0.139,0.066,0.057,0.26,1683,850,1.00,0.0019,0.0016
"rho[3, 183]",0.455,0.101,0.29,0.61,1261,699,1.00,0.0029,0.0023
"rho[3, 184]",0.0201,0.016,0.0033,0.045,1557,536,1.00,0.00044,0.00075
"rho[3, 185]",0.455,0.118,0.27,0.65,1473,674,1.00,0.0031,0.0023
"rho[3, 186]",0.321,0.074,0.21,0.45,1820,731,1.00,0.0019,0.0015
"rho[3, 187]",0.097,0.04,0.043,0.16,1863,768,1.00,0.0011,0.0012
"rho[3, 188]",0.196,0.06,0.11,0.3,2507,784,1.00,0.0012,0.00087
"rho[3, 189]",0.751,0.086,0.62,0.89,1329,909,1.00,0.0025,0.0023
"rho[3, 190]",0.506,0.118,0.32,0.7,1248,629,1.00,0.0033,0.0021
"rho[3, 191]",0.162,0.06,0.083,0.27,2094,706,1.02,0.0014,0.0012
"rho[3, 192]",0.295,0.069,0.19,0.41,1835,705,1.01,0.0016,0.0012
"rho[3, 193]",0.592,0.095,0.44,0.74,936,643,1.00,0.0031,0.0025
"rho[3, 194]",0.209,0.053,0.13,0.3,2175,611,1.00,0.0012,0.00093
"rho[3, 195]",0.249,0.067,0.14,0.36,1846,914,1.00,0.0016,0.0013
"rho[3, 196]",0.613,0.114,0.43,0.79,937,712,1.00,0.0038,0.0028
"rho[3, 197]",0.298,0.104,0.14,0.48,1601,695,1.00,0.0025,0.0018
"rho[3, 198]",0.749,0.114,0.56,0.91,1002,711,1.00,0.0035,0.0033
"rho[3, 199]",0.79,0.144,0.51,0.96,881,723,1.00,0.0052,0.0043
"rho[3, 200]",0.576,0.144,0.35,0.8,1405,591,1.00,0.0038,0.0023
"rho[3, 201]",0.059,0.05,0.0097,0.15,2005,707,1.00,0.0012,0.0018
"rho[3, 202]",0.339,0.14,0.14,0.59,1503,633,1.00,0.0039,0.0031
"rho[3, 203]",0.684,0.065,0.58,0.79,1895,784,1.00,0.0015,0.0011
"rho[3, 204]",0.336,0.084,0.21,0.48,1810,876,1.00,0.002,0.0015
"rho[3, 205]",0.467,0.092,0.32,0.61,1365,799,1.01,0.0025,0.0017
"rho[3, 206]",0.66,0.187,0.3,0.91,1038,671,1.00,0.0056,0.0039
"rho[3, 207]",0.7,0.102,0.53,0.85,935,664,1.00,0.0033,0.0028
"rho[3, 208]",0.342,0.072,0.23,0.46,1552,713,1.00,0.0018,0.0013
"rho[3, 209]",0.398,0.104,0.24,0.58,837,382,1.00,0.0038,0.0025
"rho[3, 210]",0.383,0.081,0.25,0.52,1819,700,1.00,0.0019,0.0013
"rho[3, 211]",0.193,0.11,0.055,0.4,2134,772,1.01,0.0025,0.0022
"rho[3, 212]",0.69,0.185,0.35,0.94,823,604,1.00,0.0062,0.0037
"rho[3, 213]",0.71,0.173,0.39,0.94,1263,722,1.00,0.0052,0.0033
"rho[3, 214]",0.59,0.202,0.25,0.9,958,860,1.00,0.0065,0.0034
"rho[3, 215]",0.08,0.042,0.026,0.15,1682,902,1.00,0.0011,0.0012
"rho[3, 216]",0.68,0.152,0.39,0.89,828,685,1.01,0.0054,0.0043
"rho[3, 217]",0.317,0.077,0.2,0.44,2019,841,1.00,0.0017,0.0012
"rho[3, 218]",0.71,0.162,0.41,0.93,980,805,1.00,0.0052,0.0035
"rho[3, 219]",0.553,0.198,0.24,0.88,1618,541,1.00,0.0049,0.0028
"rho[3, 220]",0.347,0.108,0.17,0.52,978,636,1.00,0.0035,0.003
"rho[3, 221]",0.66,0.175,0.33,0.91,1006,804,1.00,0.0055,0.0035
"rho[3, 222]",0.178,0.055,0.095,0.27,1817,789,1.00,0.0013,0.00098
"rho[3, 223]",0.098,0.055,0.033,0.19,1359,788,1.00,0.0016,0.0019
"rho[3, 224]",0.83,0.13,0.57,0.97,556,504,1.00,0.0058,0.0078
"rho[3, 225]",0.252,0.097,0.12,0.43,1730,836,1.00,0.0025,0.0024
"rho[3, 226]",0.121,0.057,0.049,0.22,2548,829,1.00,0.0013,0.0014
"rho[3, 227]",0.265,0.112,0.11,0.47,1839,895,1.00,0.0028,0.0023
"rho[3, 228]",0.527,0.133,0.3,0.73,1025,699,1.00,0.0041,0.0028
"rho[3, 229]",0.333,0.097,0.18,0.48,1836,840,1.00,0.0023,0.0016
"rho[3, 230]",0.172,0.067,0.096,0.28,1251,804,1.00,0.0021,0.0039
"rho[3, 231]",0.06,0.027,0.027,0.11,1753,994,1.00,0.00079,0.001
"rho[3, 232]",0.2,0.081,0.092,0.33,1842,902,1.00,0.002,0.002
"rho[3, 233]",0.628,0.143,0.4,0.86,1424,728,1.00,0.0038,0.0023
"rho[3, 234]",0.172,0.072,0.076,0.31,1579,559,1.01,0.0021,0.0018
"rho[3, 235]",0.459,0.087,0.31,0.59,1481,713,1.00,0.0023,0.0017
"rho[3, 236]",0.045,0.026,0.015,0.092,1728,859,1.00,0.00065,0.00078
"rho[3, 237]",0.585,0.166,0.3,0.83,1538,793,1.00,0.0041,0.0025
"rho[3, 238]",0.312,0.066,0.2,0.42,1352,746,1.00,0.0018,0.0013
"rho[3, 239]",0.319,0.074,0.21,0.44,2988,907,1.00,0.0014,0.00096
"rho[3, 240]",0.326,0.061,0.23,0.43,1768,836,1.00,0.0015,0.00098
"rho[3, 241]",0.612,0.158,0.35,0.86,1669,746,1.00,0.0038,0.0023
"rho[3, 242]",0.4,0.202,0.13,0.77,1472,771,1.00,0.0054,0.0034
"rho[3, 243]",0.73,0.143,0.47,0.92,727,780,1.00,0.0052,0.0038
"omega[0, 0]",0.211,0.126,0.065,0.46,1084,663,1.00,0.0041,0.004
"omega[0, 1]",0.22,0.2,0.02,0.62,732,704,1.00,0.008,0.0058
"omega[0, 2]",0.62,0.23,0.086,0.9,801,240,1.01,0.012,0.0091
"omega[0, 3]",0.36,0.248,0.047,0.8,1173,791,1.00,0.0075,0.004
"omega[0, 4]",0.092,0.047,0.027,0.18,1338,643,1.00,0.0012,0.00097
"omega[0, 5]",0.049,0.033,0.01,0.11,1331,610,1.00,0.00088,0.00087
"omega[0, 6]",0.18,0.105,0.044,0.39,1274,609,1.00,0.0027,0.0024
"omega[0, 7]",0.49,0.231,0.12,0.85,1795,709,1.00,0.0057,0.003
"omega[0, 8]",0.094,0.083,0.015,0.26,1185,847,1.00,0.0026,0.0039
"omega[0, 9]",0.49,0.202,0.14,0.79,1249,573,1.00,0.0059,0.0035
"omega[0, 10]",0.33,0.212,0.062,0.71,1223,704,1.00,0.0059,0.0036
"omega[0, 11]",0.071,0.052,0.015,0.16,1386,880,1.00,0.0014,0.0018
"omega[0, 12]",0.153,0.129,0.019,0.4,851,845,1.00,0.0048,0.004
"omega[0, 13]",0.085,0.068,0.017,0.21,1050,689,1.00,0.0024,0.004
"omega[0, 14]",0.1,0.1,0.016,0.28,853,598,1.00,0.004,0.0071
"omega[0, 15]",0.3,0.169,0.089,0.62,2098,928,1.00,0.0042,0.0033
"omega[0, 16]",0.7,0.3,0.028,0.95,40,33,1.04,0.068,0.052
"omega[0, 17]",0.09,0.11,0.015,0.35,728,327,1.00,0.0055,0.0087
"omega[0, 18]",0.11,0.14,0.0068,0.39,552,630,1.00,0.0067,0.0052
"omega[0, 19]",0.065,0.046,0.014,0.14,1683,571,1.00,0.0011,0.0018
"omega[0, 20]",0.033,0.0203,0.0077,0.071,981,494,1.00,0.00053,0.00043
"omega[0, 21]",0.114,0.073,0.024,0.25,1136,643,1.00,0.0021,0.0019
"omega[0, 22]",0.068,0.035,0.019,0.13,1125,593,1.00,0.00099,0.00079
"omega[0, 23]",0.054,0.0279,0.016,0.1,2035,713,1.00,0.00057,0.00043
"omega[0, 24]",0.195,0.124,0.059,0.43,1357,699,1.00,0.0035,0.004
"omega[0, 25]",0.25,0.179,0.043,0.59,848,691,1.00,0.006,0.0045
"omega[0, 26]",0.099,0.058,0.028,0.2,1515,619,1.00,0.0015,0.0019
"omega[0, 27]",0.065,0.042,0.017,0.15,1312,783,1.00,0.0012,0.0012
"omega[0, 28]",0.074,0.037,0.023,0.14,1624,507,1.00,0.00085,0.00066
"omega[0, 29]",0.127,0.037,0.069,0.19,1839,599,1.00,0.00086,0.00063
"omega[0, 30]",0.112,0.09,0.028,0.26,1395,865,1.00,0.0027,0.0045
"omega[0, 31]",0.31,0.195,0.046,0.66,918,719,1.00,0.0064,0.0039
"omega[0, 32]",0.187,0.071,0.088,0.3,1301,826,1.00,0.002,0.002
"omega[0, 33]",0.099,0.11,0.014,0.35,877,641,1.00,0.004,0.0052
"omega[0, 34]",0.173,0.074,0.072,0.31,1503,926,1.00,0.0018,0.0014
"omega[0, 35]",0.054,0.037,0.011,0.12,1400,762,1.00,0.00095,0.00098
"omega[0, 36]",0.102,0.052,0.028,0.2,1133,581,1.01,0.0014,0.0012
"omega[0, 37]",0.079,0.045,0.02,0.16,2061,564,1.00,0.00094,0.00082
"omega[0, 38]",0.105,0.063,0.025,0.21,1633,702,1.00,0.0016,0.0016
"omega[0, 39]",0.436,0.159,0.17,0.68,1637,709,1.00,0.0041,0.0027
"omega[0, 40]",0.052,0.03,0.013,0.11,1412,594,1.00,0.00076,0.0006
"omega[0, 41]",0.684,0.17,0.38,0.92,1582,751,1.00,0.0041,0.0028
"omega[0, 42]",0.64,0.204,0.26,0.92,1718,709,1.00,0.0054,0.0037
"omega[0, 43]",0.38,0.226,0.056,0.78,848,606,1.00,0.0076,0.0047
"omega[0, 44]",0.21,0.164,0.022,0.51,906,820,1.00,0.0055,0.0041
"omega[0, 45]",0.046,0.029,0.01,0.099,1854,792,1.00,0.00071,0.00059
"omega[0, 46]",0.126,0.04,0.064,0.19,2242,948,1.00,0.00084,0.00065
"omega[0, 47]",0.33,0.212,0.06,0.71,841,708,1.00,0.0069,0.0039
"omega[0, 48]",0.074,0.08,0.012,0.18,759,605,1.00,0.004,0.0093
"omega[0, 49]",0.056,0.03,0.015,0.1,1074,406,1.00,0.00078,0.00062
"omega[0, 50]",0.087,0.045,0.025,0.16,1156,617,1.00,0.0013,0.0011
"omega[0, 51]",0.092,0.053,0.025,0.19,1459,638,1.00,0.0014,0.0012
"omega[0, 52]",0.153,0.085,0.05,0.3,1800,811,1.00,0.002,0.0021
"omega[0, 53]",0.179,0.052,0.097,0.26,1762,619,1.00,0.0012,0.00079
"omega[0, 54]",0.118,0.063,0.043,0.24,1588,789,1.00,0.0017,0.0019
"omega[0, 55]",0.337,0.058,0.25,0.43,2043,630,1.01,0.0013,0.00087
"omega[0, 56]",0.224,0.047,0.15,0.3,2200,657,1.00,0.001,0.00073
"omega[0, 57]",0.036,0.027,0.0068,0.085,1609,742,1.00,0.00069,0.00093
"omega[0, 58]",0.0341,0.0196,0.0088,0.069,1673,718,1.00,0.00045,0.00033
"omega[0, 59]",0.38,0.157,0.1,0.6,1009,544,1.00,0.005,0.0032
"omega[0, 60]",0.065,0.07,0.01,0.17,1017,765,1.00,0.0028,0.0062
"omega[0, 61]",0.21,0.154,0.033,0.52,960,727,1.00,0.0048,0.0039
"omega[0, 62]",0.25,0.192,0.032,0.65,1208,720,1.00,0.0059,0.0049
"omega[0, 63]",0.08,0.032,0.028,0.13,1406,413,1.00,0.00082,0.00057
"omega[0, 64]",0.081,0.034,0.031,0.14,985,331,1.01,0.00092,0.00064
"omega[0, 65]",0.14,0.18,0.011,0.54,518,573,1.01,0.009,0.01
"omega[0, 66]",0.43,0.25,0.068,0.86,994,699,1.00,0.008,0.004
"omega[0, 67]",0.081,0.034,0.03,0.14,1325,517,1.00,0.00088,0.00065
"omega[0, 68]",0.094,0.029,0.048,0.14,1512,670,1.00,0.00075,0.00053
"omega[0, 69]",0.542,0.081,0.41,0.68,3000,716,1.00,0.0015,0.00094
"omega[0, 70]",0.586,0.071,0.46,0.7,2381,766,1.00,0.0015,0.00097
"omega[0, 71]",0.28,0.203,0.033,0.66,861,831,1.00,0.0066,0.0043
"omega[0, 72]",0.34,0.229,0.04,0.74,899,615,1.00,0.0075,0.0044
"omega[0, 73]",0.106,0.0305,0.057,0.16,1799,682,1.01,0.00071,0.00047
"omega[0, 74]",0.34,0.226,0.052,0.75,998,745,1.00,0.0069,0.0039
"omega[0, 75]",0.172,0.141,0.03,0.46,1208,772,1.00,0.0046,0.0047
"omega[0, 76]",0.045,0.029,0.0097,0.097,1933,664,1.00,0.00064,0.00065
"omega[0, 77]",0.0342,0.0183,0.0081,0.066,1602,616,1.00,0.00042,0.00034
"omega[0, 78]",0.093,0.068,0.019,0.21,1238,803,1.00,0.0021,0.0036
"omega[0, 79]",0.068,0.03,0.023,0.12,1547,581,1.00,0.00065,0.0005
"omega[0, 80]",0.052,0.0271,0.015,0.1,2007,792,1.00,0.00056,0.0004
"omega[0, 81]",0.071,0.033,0.021,0.13,1387,539,1.01,0.00083,0.00064
"omega[0, 82]",0.2,0.18,0.018,0.53,993,815,1.00,0.0058,0.0047
"omega[0, 83]",0.342,0.094,0.2,0.5,1985,842,1.01,0.0021,0.0015
"omega[0, 84]",0.059,0.041,0.013,0.14,1355,710,1.00,0.0011,0.0013
"omega[0, 85]",0.095,0.057,0.025,0.2,1329,629,1.00,0.0015,0.0017
"omega[0, 86]",0.098,0.06,0.025,0.21,1339,677,1.00,0.0015,0.0014
"omega[0, 87]",0.059,0.034,0.015,0.12,1960,730,1.00,0.00075,0.0007
"omega[0, 88]",0.14,0.036,0.081,0.2,1736,575,1.00,0.00087,0.00059
"omega[0, 89]",0.0269,0.0166,0.0057,0.057,1703,448,1.00,0.00037,0.00038
"omega[0, 90]",0.054,0.0275,0.014,0.1,1763,730,1.00,0.00062,0.00047
"omega[0, 91]",0.691,0.116,0.5,0.86,1822,762,1.00,0.0029,0.0024
"omega[0, 92]",0.07,0.035,0.022,0.13,1434,667,1.00,0.00083,0.00066
"omega[0, 93]",0.05,0.032,0.011,0.11,1144,494,1.00,0.00079,0.00093
"omega[0, 94]",0.26,0.166,0.044,0.57,899,750,1.00,0.0055,0.004
"omega[0, 95]",0.042,0.029,0.0083,0.094,1561,837,1.00,0.00072,0.00075
"omega[0, 96]",0.06,0.042,0.013,0.14,2073,722,1.00,0.00091,0.0012
"omega[0, 97]",0.088,0.032,0.038,0.14,1414,597,1.00,0.0008,0.00055
"omega[0, 98]",0.044,0.032,0.0071,0.1,1378,639,1.00,0.00079,0.00087
"omega[0, 99]",0.088,0.043,0.025,0.16,1532,562,1.01,0.001,0.00075
"omega[0, 100]",0.104,0.057,0.032,0.2,1528,557,1.00,0.0014,0.0018
"omega[0, 101]",0.428,0.125,0.24,0.63,986,596,1.00,0.004,0.0033
"omega[0, 102]",0.09,0.053,0.024,0.19,1716,716,1.00,0.0013,0.0012
"omega[0, 103]",0.42,0.22,0.15,0.87,865,611,1.00,0.0095,0.0059
"omega[0, 104]",0.122,0.048,0.048,0.2,1450,617,1.00,0.0012,0.0011
"omega[0, 105]",0.08,0.052,0.016,0.17,1197,673,1.00,0.0014,0.0016
"omega[0, 106]",0.053,0.034,0.013,0.12,1653,857,1.01,0.00086,0.00095
"omega[0, 107]",0.095,0.047,0.032,0.18,1174,616,1.00,0.0013,0.0012
"omega[0, 108]",0.093,0.066,0.021,0.2,1251,703,1.01,0.002,0.0031
"omega[0, 109]",0.095,0.061,0.021,0.2,1359,614,1.01,0.0016,0.0018
"omega[0, 110]",0.117,0.067,0.031,0.23,1092,458,1.00,0.0019,0.0019
"omega[0, 111]",0.067,0.049,0.015,0.16,1151,765,1.00,0.0015,0.0023
"omega[0, 112]",0.37,0.192,0.08,0.7,1246,641,1.01,0.0054,0.0034
"omega[0, 113]",0.209,0.137,0.047,0.47,1219,870,1.00,0.004,0.0034
"omega[0, 114]",0.07,0.08,0.011,0.19,796,578,1.00,0.0042,0.0094
"omega[0, 115]",0.48,0.249,0.084,0.86,1295,748,1.00,0.0067,0.0032
"omega[0, 116]",0.043,0.029,0.0076,0.095,1548,466,1.00,0.0007,0.00065
"omega[0, 117]",0.146,0.084,0.047,0.3,1221,690,1.00,0.0023,0.0024
"omega[0, 118]",0.06,0.031,0.017,0.11,1301,539,1.00,0.00079,0.0006
"omega[0, 119]",0.106,0.034,0.053,0.16,813,466,1.00,0.0012,0.00096
"omega[0, 120]",0.173,0.126,0.027,0.41,1145,741,1.00,0.0036,0.0031
"omega[0, 121]",0.147,0.054,0.061,0.24,1546,617,1.01,0.0013,0.00091
"omega[0, 122]",0.0417,0.0227,0.011,0.081,1790,559,1.00,0.00043,0.00034
"omega[0, 123]",0.072,0.052,0.014,0.17,1713,749,1.00,0.0014,0.0017
"omega[0, 124]",0.22,0.101,0.087,0.41,1401,883,1.00,0.0027,0.0022
"omega[0, 125]",0.038,0.023,0.0087,0.079,1298,604,1.01,0.0006,0.00058
"omega[0, 126]",0.093,0.054,0.025,0.19,997,579,1.00,0.0016,0.0019
"omega[0, 127]",0.079,0.044,0.023,0.15,1070,750,1.00,0.0013,0.0015
"omega[0, 128]",0.088,0.058,0.02,0.2,1391,786,1.00,0.0015,0.002
"omega[0, 129]",0.108,0.04,0.044,0.17,1245,587,1.00,0.0011,0.00077
"omega[0, 130]",0.108,0.043,0.042,0.18,1601,690,1.00,0.001,0.00068
"omega[0, 131]",0.23,0.042,0.17,0.29,2098,708,1.00,0.00092,0.00063
"omega[0, 132]",0.134,0.056,0.053,0.23,1255,595,1.00,0.0014,0.0011
"omega[0, 133]",0.16,0.061,0.07,0.27,2069,641,1.00,0.0013,0.00093
"omega[0, 134]",0.054,0.031,0.013,0.11,1404,662,1.00,0.00078,0.00064
"omega[0, 135]",0.063,0.07,0.01,0.17,1304,759,1.01,0.0028,0.0074
"omega[0, 136]",0.057,0.0306,0.014,0.11,1580,648,1.01,0.00068,0.00047
"omega[0, 137]",0.062,0.0311,0.017,0.12,2346,650,1.00,0.00059,0.00041
"omega[0, 138]",0.042,0.0231,0.012,0.085,1620,593,1.00,0.00053,0.00038
"omega[0, 139]",0.31,0.169,0.07,0.59,1010,762,1.00,0.0053,0.0033
"omega[0, 140]",0.109,0.034,0.056,0.16,2153,624,1.00,0.00071,0.00052
"omega[0, 141]",0.105,0.044,0.041,0.18,1487,687,1.01,0.0011,0.00085
"omega[0, 142]",0.076,0.049,0.02,0.16,1462,757,1.00,0.0013,0.0018
"omega[0, 143]",0.43,0.193,0.12,0.75,1289,685,1.00,0.0053,0.0031
"omega[0, 144]",0.109,0.04,0.049,0.18,1439,653,1.00,0.00098,0.00075
"omega[0, 145]",0.081,0.06,0.016,0.18,1448,886,1.00,0.0017,0.0027
"omega[0, 146]",0.045,0.027,0.0099,0.097,1010,518,1.00,0.00078,0.0006
"omega[0, 147]",0.051,0.033,0.011,0.11,1459,642,1.00,0.00079,0.00089
"omega[0, 148]",0.11,0.13,0.012,0.4,791,467,1.00,0.0059,0.0079
"omega[0, 149]",0.0233,0.0149,0.005,0.052,1845,570,1.00,0.00031,0.00025
"omega[0, 150]",0.21,0.19,0.031,0.61,929,762,1.00,0.0061,0.0058
"omega[0, 151]",0.088,0.042,0.026,0.16,1251,367,1.00,0.0011,0.00082
"omega[0, 152]",0.124,0.066,0.04,0.24,996,591,1.00,0.002,0.0021
"omega[0, 153]",0.037,0.0205,0.0092,0.075,1357,717,1.00,0.00052,0.00039
"omega[0, 154]",0.48,0.196,0.17,0.81,1438,713,1.00,0.0053,0.0031
"omega[0, 155]",0.043,0.029,0.0092,0.094,1676,633,1.00,0.0007,0.00069
"omega[0, 156]",0.054,0.032,0.012,0.11,1136,590,1.00,0.00089,0.00093
"omega[0, 157]",0.161,0.063,0.073,0.27,1359,857,1.00,0.0017,0.0015
"omega[0, 158]",0.421,0.131,0.2,0.62,2111,826,1.00,0.003,0.0018
"omega[0, 159]",0.15,0.086,0.047,0.31,1263,895,1.00,0.0025,0.0025
"omega[0, 160]",0.066,0.044,0.015,0.15,1127,594,1.00,0.0012,0.0014
"omega[0, 161]",0.099,0.048,0.03,0.18,1141,662,1.00,0.0014,0.0012
"omega[0, 162]",0.123,0.109,0.015,0.35,1151,693,1.00,0.0031,0.0029
"omega[0, 163]",0.301,0.173,0.065,0.6,1118,702,1.00,0.0049,0.0033
"omega[0, 164]",0.055,0.035,0.014,0.12,1661,768,1.00,0.00088,0.0014
"omega[0, 165]",0.187,0.075,0.081,0.32,1403,721,1.00,0.002,0.0019
"omega[0, 166]",0.3,0.168,0.068,0.58,826,669,1.00,0.0059,0.004
"omega[0, 167]",0.35,0.107,0.2,0.54,1930,748,1.00,0.0025,0.0019
"omega[0, 168]",0.124,0.11,0.019,0.33,909,745,1.00,0.0047,0.0059
"omega[0, 169]",0.095,0.088,0.016,0.28,1047,700,1.00,0.0031,0.0042
"omega[0, 170]",0.127,0.107,0.015,0.34,994,845,1.00,0.0034,0.003
"omega[0, 171]",0.27,0.2,0.053,0.67,979,872,1.00,0.0064,0.0055
"omega[0, 172]",0.26,0.24,0.018,0.72,568,718,1.00,0.01,0.0069
"omega[0, 173]",0.036,0.05,0.0073,0.078,1539,763,1.01,0.0024,0.017
"omega[0, 174]",0.27,0.177,0.055,0.59,1213,966,1.00,0.005,0.0032
"omega[0, 175]",0.054,0.038,0.012,0.12,1827,717,1.00,0.00097,0.0013
"omega[0, 176]",0.095,0.051,0.024,0.18,1336,775,1.01,0.0014,0.0011
"omega[0, 177]",0.604,0.113,0.43,0.78,1546,686,1.00,0.0028,0.0023
"omega[0, 178]",0.616,0.15,0.38,0.86,1931,840,1.00,0.0034,0.0022
"omega[0, 179]",0.069,0.047,0.013,0.15,1403,580,1.00,0.0013,0.0017
"omega[0, 180]",0.138,0.066,0.05,0.25,1546,684,1.00,0.0016,0.002
"omega[0, 181]",0.151,0.12,0.03,0.38,934,561,1.00,0.0041,0.0056
"omega[0, 182]",0.04,0.0234,0.0094,0.082,1827,678,1.00,0.0005,0.00042
"omega[0, 183]",0.221,0.103,0.086,0.41,1209,830,1.00,0.0029,0.0024
"omega[0, 184]",0.053,0.032,0.012,0.11,1496,579,1.00,0.0007,0.00057
"omega[0, 185]",0.5,0.202,0.14,0.79,1714,855,1.00,0.005,0.0028
"omega[0, 186]",0.225,0.167,0.036,0.56,1507,738,1.00,0.0049,0.0044
"omega[0, 187]",0.134,0.047,0.061,0.21,1895,791,1.00,0.001,0.00081
"omega[0, 188]",0.193,0.103,0.064,0.38,1267,937,1.00,0.003,0.0028
"omega[0, 189]",0.123,0.13,0.016,0.41,893,761,1.00,0.0049,0.0068
"omega[0, 190]",0.143,0.084,0.042,0.29,1489,804,1.00,0.0023,0.0027
"omega[0, 191]",0.091,0.045,0.028,0.17,1774,535,1.00,0.00094,0.00073
"omega[0, 192]",0.0311,0.0184,0.0074,0.066,1392,586,1.00,0.00044,0.00035
"omega[0, 193]",0.063,0.049,0.011,0.15,2032,735,1.00,0.0011,0.0018
"omega[0, 194]",0.15,0.088,0.043,0.32,1065,606,1.00,0.0026,0.0025
"omega[0, 195]",0.36,0.246,0.035,0.77,688,524,1.00,0.009,0.0046
"omega[0, 196]",0.095,0.049,0.03,0.18,1145,609,1.00,0.0014,0.0012
"omega[0, 197]",0.079,0.04,0.021,0.15,1515,457,1.00,0.00095,0.0007
"omega[0, 198]",0.056,0.028,0.016,0.1,1175,711,1.00,0.00078,0.00059
"omega[0, 199]",0.125,0.098,0.023,0.33,1218,900,1.00,0.0031,0.0032
"omega[0, 200]",0.47,0.206,0.15,0.83,1307,741,1.00,0.0056,0.0032
"omega[0, 201]",0.144,0.041,0.08,0.21,1963,730,1.01,0.00092,0.0006
"omega[0, 202]",0.052,0.026,0.013,0.097,1077,638,1.01,0.00072,0.00053
"omega[0, 203]",0.109,0.12,0.012,0.35,1061,902,1.01,0.0042,0.0053
"omega[0, 204]",0.32,0.172,0.068,0.61,945,761,1.00,0.0055,0.0032
"omega[0, 205]",0.165,0.13,0.026,0.42,853,695,1.00,0.0047,0.0051
"omega[0, 206]",0.077,0.033,0.026,0.14,1189,538,1.01,0.0009,0.0006
"omega[0, 207]",0.302,0.167,0.069,0.59,1415,706,1.00,0.0043,0.0033
"omega[0, 208]",0.19,0.16,0.023,0.52,1116,757,1.00,0.0052,0.0053
"omega[0, 209]",0.16,0.13,0.03,0.43,734,625,1.00,0.0052,0.0069
"omega[0, 210]",0.24,0.19,0.029,0.64,1108,741,1.00,0.0059,0.0052
"omega[0, 211]",0.196,0.07,0.091,0.31,1782,560,1.00,0.0016,0.0013
"omega[0, 212]",0.32,0.198,0.046,0.66,1198,669,1.00,0.0056,0.0036
"omega[0, 213]",0.35,0.198,0.082,0.71,1257,947,1.00,0.0059,0.0034
"omega[0, 214]",0.1,0.071,0.021,0.24,1211,752,1.00,0.002,0.0023
"omega[0, 215]",0.114,0.039,0.054,0.18,1240,518,1.00,0.0011,0.00074
"omega[0, 216]",0.294,0.142,0.074,0.53,1861,829,1.00,0.0035,0.0022
"omega[0, 217]",0.14,0.048,0.067,0.22,1384,551,1.00,0.0012,0.00091
"omega[0, 218]",0.57,0.209,0.22,0.88,1444,694,1.01,0.0053,0.0031
"omega[0, 219]",0.31,0.113,0.15,0.5,2061,775,1.01,0.0026,0.0018
"omega[0, 220]",0.072,0.037,0.021,0.14,2109,429,1.00,0.00071,0.00057
"omega[0, 221]",0.084,0.05,0.019,0.17,1679,607,1.00,0.0011,0.0011
"omega[0, 222]",0.06,0.036,0.013,0.13,1548,726,1.00,0.00089,0.00088
"omega[0, 223]",0.3,0.1,0.19,0.43,743,501,1.00,0.0057,0.0098
"omega[0, 224]",0.031,0.0212,0.0062,0.071,1292,663,1.00,0.00051,0.00048
"omega[0, 225]",0.134,0.042,0.068,0.2,1326,626,1.00,0.0011,0.00075
"omega[0, 226]",0.095,0.047,0.027,0.18,1026,365,1.01,0.0012,0.00083
"omega[0, 227]",0.132,0.047,0.057,0.21,1347,570,1.00,0.0012,0.00088
"omega[0, 228]",0.114,0.077,0.025,0.25,1285,785,1.00,0.002,0.0023
"omega[0, 229]",0.46,0.255,0.11,0.89,1462,779,1.00,0.0071,0.0035
"omega[0, 230]",0.077,0.035,0.027,0.14,1236,619,1.00,0.00089,0.00071
"omega[0, 231]",0.09,0.12,0.011,0.29,875,531,1.00,0.005,0.011
"omega[0, 232]",0.162,0.069,0.067,0.28,1654,717,1.00,0.0018,0.0014
"omega[0, 233]",0.179,0.129,0.038,0.45,1057,764,1.00,0.0046,0.0041
"omega[0, 234]",0.051,0.03,0.012,0.11,1253,716,1.01,0.00081,0.00072
"omega[0, 235]",0.085,0.1,0.016,0.21,1105,799,1.00,0.0036,0.0094
"omega[0, 236]",0.032,0.0199,0.007,0.066,1358,662,1.00,0.00049,0.00043
"omega[0, 237]",0.148,0.081,0.042,0.3,1254,567,1.00,0.0022,0.002
"omega[0, 238]",0.18,0.088,0.066,0.34,1425,759,1.00,0.0023,0.0022
"omega[0, 239]",0.128,0.067,0.041,0.24,1111,638,1.00,0.0021,0.0024
"omega[0, 240]",0.23,0.2,0.025,0.62,1115,779,1.00,0.0065,0.005
"omega[0, 241]",0.118,0.055,0.045,0.22,1464,648,1.01,0.0014,0.0014
"omega[0, 242]",0.153,0.063,0.057,0.26,1813,496,1.01,0.0014,0.00095
"omega[0, 243]",0.7,0.22,0.25,0.95,1027,677,1.00,0.0078,0.0057
"omega[1, 0]",0.084,0.042,0.028,0.16,1432,643,1.00,0.001,0.00089
"omega[1, 1]",0.194,0.14,0.037,0.47,1200,857,1.00,0.0049,0.005
"omega[1, 2]",0.067,0.05,0.014,0.15,1414,717,1.00,0.0013,0.0025
"omega[1, 3]",0.36,0.221,0.054,0.74,1369,934,1.00,0.0061,0.0034
"omega[1, 4]",0.161,0.106,0.043,0.37,1313,809,1.00,0.0032,0.0031
"omega[1, 5]",0.225,0.118,0.079,0.45,1233,689,1.00,0.0033,0.003
"omega[1, 6]",0.075,0.056,0.015,0.17,1133,767,1.00,0.0017,0.0025
"omega[1, 7]",0.17,0.2,0.01,0.6,702,678,1.00,0.0087,0.0076
"omega[1, 8]",0.111,0.072,0.029,0.24,1246,881,1.00,0.0022,0.0028
"omega[1, 9]",0.401,0.167,0.14,0.67,1327,782,1.00,0.0046,0.0029
"omega[1, 10]",0.1,0.13,0.015,0.34,980,542,1.01,0.0061,0.013
"omega[1, 11]",0.125,0.074,0.035,0.26,1090,687,1.00,0.0021,0.0021
"omega[1, 12]",0.085,0.037,0.032,0.15,1343,693,1.00,0.00095,0.00072
"omega[1, 13]",0.073,0.037,0.024,0.14,1494,545,1.00,0.00087,0.00077
"omega[1, 14]",0.08,0.052,0.019,0.17,1552,794,1.00,0.0014,0.0025
"omega[1, 15]",0.08,0.062,0.017,0.18,1133,652,1.00,0.0019,0.0038
"omega[1, 16]",0.36,0.218,0.062,0.76,1282,836,1.01,0.0066,0.0039
"omega[1, 17]",0.154,0.079,0.051,0.29,1381,670,1.00,0.002,0.0019
"omega[1, 18]",0.063,0.035,0.015,0.12,1226,495,1.00,0.00087,0.00077
"omega[1, 19]",0.855,0.093,0.69,0.97,1936,571,1.01,0.0023,0.0029
"omega[1, 20]",0.223,0.068,0.13,0.34,1530,557,1.00,0.0017,0.0013
"omega[1, 21]",0.102,0.075,0.016,0.25,1068,758,1.00,0.0022,0.0022
"omega[1, 22]",0.368,0.119,0.17,0.55,1117,715,1.00,0.0036,0.0023
"omega[1, 23]",0.141,0.055,0.057,0.24,1849,608,1.00,0.0012,0.0008
"omega[1, 24]",0.17,0.145,0.016,0.44,802,696,1.00,0.0051,0.0036
"omega[1, 25]",0.27,0.173,0.05,0.59,1061,895,1.00,0.0053,0.0034
"omega[1, 26]",0.191,0.11,0.056,0.38,1468,805,1.01,0.0029,0.0032
"omega[1, 27]",0.101,0.068,0.021,0.22,1071,800,1.00,0.0021,0.0024
"omega[1, 28]",0.088,0.053,0.021,0.18,1275,723,1.00,0.0014,0.0012
"omega[1, 29]",0.275,0.125,0.093,0.49,1330,636,1.00,0.0034,0.0023
"omega[1, 30]",0.271,0.154,0.085,0.58,1342,828,1.00,0.0044,0.0036
"omega[1, 31]",0.244,0.144,0.059,0.51,1252,627,1.00,0.0041,0.0029
"omega[1, 32]",0.341,0.143,0.14,0.59,1555,889,1.00,0.0037,0.0026
"omega[1, 33]",0.387,0.15,0.18,0.66,1365,722,1.00,0.0041,0.0028
"omega[1, 34]",0.179,0.07,0.087,0.3,1302,725,1.00,0.002,0.0021
"omega[1, 35]",0.064,0.044,0.013,0.15,1231,828,1.01,0.0012,0.0014
"omega[1, 36]",0.144,0.087,0.038,0.3,1560,770,1.00,0.0023,0.0023
"omega[1, 37]",0.227,0.129,0.059,0.47,942,754,1.00,0.0042,0.0029
"omega[1, 38]",0.41,0.214,0.1,0.77,1353,697,1.00,0.0057,0.0031
"omega[1, 39]",0.28,0.172,0.051,0.59,958,827,1.00,0.0054,0.0035
"omega[1, 40]",0.521,0.192,0.2,0.82,1504,793,1.00,0.0049,0.003
"omega[1, 41]",0.32,0.22,0.051,0.73,980,784,1.00,0.0073,0.0044
"omega[1, 42]",0.088,0.08,0.018,0.21,1514,792,1.00,0.0024,0.0058
"omega[1, 43]",0.112,0.086,0.028,0.27,839,721,1.00,0.0031,0.0045
"omega[1, 44]",0.0373,0.0225,0.008,0.076,1895,666,1.00,0.00048,0.00046
"omega[1, 45]",0.11,0.058,0.032,0.21,1241,556,1.00,0.0016,0.0013
"omega[1, 46]",0.096,0.052,0.025,0.18,1578,456,1.00,0.0012,0.0012
"omega[1, 47]",0.32,0.221,0.045,0.72,1113,718,1.00,0.0069,0.0046
"omega[1, 48]",0.199,0.121,0.042,0.41,1200,771,1.00,0.0035,0.0027
"omega[1, 49]",0.1,0.13,0.011,0.4,575,276,1.01,0.0073,0.011
"omega[1, 50]",0.064,0.031,0.021,0.12,1118,616,1.00,0.00085,0.00064
"omega[1, 51]",0.125,0.091,0.023,0.3,1160,759,1.00,0.0028,0.0026
"omega[1, 52]",0.147,0.055,0.066,0.24,1198,547,1.00,0.0015,0.0012
"omega[1, 53]",0.107,0.05,0.033,0.19,2151,469,1.01,0.001,0.00077
"omega[1, 54]",0.278,0.126,0.1,0.49,1587,695,1.00,0.0031,0.0024
"omega[1, 55]",0.311,0.133,0.11,0.54,1462,645,1.01,0.0032,0.0023
"omega[1, 56]",0.594,0.107,0.42,0.76,2622,689,1.00,0.0021,0.0014
"omega[1, 57]",0.071,0.039,0.018,0.14,1383,640,1.00,0.001,0.00082
"omega[1, 58]",0.25,0.075,0.13,0.37,2188,661,1.00,0.0016,0.0011
"omega[1, 59]",0.0317,0.0211,0.0057,0.07,1956,710,1.00,0.00045,0.0004
"omega[1, 60]",0.039,0.0252,0.0084,0.087,1668,752,1.00,0.00052,0.00046
"omega[1, 61]",0.101,0.081,0.017,0.24,1131,659,1.00,0.0026,0.0038
"omega[1, 62]",0.25,0.188,0.041,0.62,965,834,1.00,0.0059,0.0046
"omega[1, 63]",0.335,0.146,0.15,0.62,1054,697,1.00,0.0048,0.0035
"omega[1, 64]",0.103,0.055,0.03,0.21,1193,614,1.00,0.0015,0.0016
"omega[1, 65]",0.056,0.034,0.013,0.12,1065,633,1.00,0.00095,0.00083
"omega[1, 66]",0.096,0.1,0.019,0.25,1076,621,1.00,0.0037,0.0082
"omega[1, 67]",0.287,0.066,0.19,0.4,1805,845,1.00,0.0015,0.0011
"omega[1, 68]",0.741,0.117,0.53,0.9,2095,665,1.00,0.0026,0.002
"omega[1, 69]",0.267,0.116,0.11,0.46,1301,628,1.00,0.0032,0.0031
"omega[1, 70]",0.602,0.198,0.26,0.89,2302,709,1.00,0.0042,0.0026
"omega[1, 71]",0.16,0.14,0.027,0.45,1017,664,1.00,0.0047,0.0058
"omega[1, 72]",0.33,0.218,0.053,0.73,1302,800,1.00,0.0061,0.0038
"omega[1, 73]",0.835,0.114,0.64,0.97,1662,701,1.00,0.0031,0.004
"omega[1, 74]",0.34,0.22,0.047,0.75,1294,848,1.00,0.0063,0.004
"omega[1, 75]",0.131,0.108,0.026,0.34,1173,781,1.00,0.0037,0.0048
"omega[1, 76]",0.255,0.088,0.13,0.41,1544,795,1.00,0.0022,0.0017
"omega[1, 77]",0.211,0.082,0.095,0.36,1776,655,1.01,0.0019,0.0014
"omega[1, 78]",0.094,0.07,0.021,0.22,1041,622,1.00,0.0022,0.0035
"omega[1, 79]",0.218,0.077,0.12,0.36,1276,652,1.00,0.0021,0.0018
"omega[1, 80]",0.15,0.07,0.051,0.27,1530,591,1.01,0.0017,0.0013
"omega[1, 81]",0.3,0.2,0.081,0.71,572,542,1.00,0.01,0.0067
"omega[1, 82]",0.088,0.051,0.025,0.17,1717,882,1.00,0.0013,0.0015
"omega[1, 83]",0.084,0.053,0.018,0.18,959,546,1.00,0.0016,0.0013
"omega[1, 84]",0.188,0.144,0.025,0.46,1126,931,1.00,0.0041,0.0028
"omega[1, 85]",0.09,0.052,0.025,0.18,1465,658,1.00,0.0013,0.0016
"omega[1, 86]",0.3,0.18,0.065,0.64,853,579,1.01,0.0064,0.0051
"omega[1, 87]",0.072,0.043,0.017,0.15,1310,501,1.01,0.001,0.001
"omega[1, 88]",0.5,0.19,0.15,0.8,793,316,1.01,0.0073,0.005
"omega[1, 89]",0.078,0.043,0.022,0.16,1612,651,1.01,0.001,0.00096
"omega[1, 90]",0.097,0.06,0.025,0.21,1236,714,1.00,0.0016,0.0017
"omega[1, 91]",0.094,0.051,0.026,0.18,1213,648,1.01,0.0013,0.0013
"omega[1, 92]",0.31,0.17,0.12,0.68,1079,643,1.00,0.0063,0.0058
"omega[1, 93]",0.077,0.033,0.028,0.13,1379,676,1.00,0.00086,0.00056
"omega[1, 94]",0.118,0.096,0.021,0.31,1080,585,1.01,0.0031,0.0041
"omega[1, 95]",0.044,0.029,0.0091,0.094,1120,660,1.00,0.00083,0.00085
"omega[1, 96]",0.734,0.169,0.41,0.94,1654,635,1.00,0.0042,0.0037
"omega[1, 97]",0.436,0.146,0.2,0.69,1742,792,1.01,0.0035,0.0023
"omega[1, 98]",0.062,0.047,0.012,0.14,1086,573,1.00,0.0014,0.003
"omega[1, 99]",0.466,0.178,0.2,0.76,1633,642,1.00,0.0043,0.0027
"omega[1, 100]",0.196,0.152,0.027,0.49,1112,791,1.00,0.0045,0.0038
"omega[1, 101]",0.13,0.107,0.024,0.34,1239,808,1.00,0.0033,0.0044
"omega[1, 102]",0.802,0.145,0.53,0.97,1695,796,1.00,0.004,0.0041
"omega[1, 103]",0.034,0.034,0.005,0.081,1132,662,1.00,0.0011,0.0036
"omega[1, 104]",0.458,0.089,0.31,0.61,2838,725,1.00,0.0017,0.0012
"omega[1, 105]",0.135,0.077,0.038,0.27,1448,860,1.00,0.0021,0.0018
"omega[1, 106]",0.113,0.075,0.028,0.24,1337,857,1.00,0.0022,0.0029
"omega[1, 107]",0.753,0.12,0.54,0.92,1812,845,1.00,0.0028,0.002
"omega[1, 108]",0.107,0.09,0.024,0.27,1083,685,1.00,0.0035,0.0067
"omega[1, 109]",0.777,0.119,0.56,0.94,1693,712,1.00,0.0029,0.0023
"omega[1, 110]",0.151,0.087,0.041,0.31,1324,861,1.00,0.0023,0.0019
"omega[1, 111]",0.657,0.098,0.49,0.8,3000,521,1.00,0.0018,0.0014
"omega[1, 112]",0.51,0.175,0.18,0.76,1226,746,1.00,0.0051,0.0035
"omega[1, 113]",0.156,0.14,0.031,0.44,965,785,1.00,0.0045,0.0056
"omega[1, 114]",0.072,0.08,0.0099,0.2,1116,821,1.00,0.0026,0.0076
"omega[1, 115]",0.166,0.075,0.067,0.3,1296,645,1.00,0.002,0.0019
"omega[1, 116]",0.108,0.067,0.028,0.23,1590,759,1.00,0.0017,0.0021
"omega[1, 117]",0.362,0.161,0.11,0.63,1205,701,1.00,0.0045,0.0029
"omega[1, 118]",0.253,0.06,0.16,0.35,1836,686,1.00,0.0013,0.00094
"omega[1, 119]",0.699,0.087,0.56,0.83,2594,724,1.01,0.0018,0.0014
"omega[1, 120]",0.046,0.028,0.012,0.098,1352,653,1.00,0.00074,0.00065
"omega[1, 121]",0.156,0.107,0.029,0.37,1152,867,1.00,0.0032,0.0025
"omega[1, 122]",0.418,0.073,0.3,0.53,2705,726,1.01,0.0014,0.001
"omega[1, 123]",0.161,0.079,0.063,0.3,1640,852,1.00,0.002,0.0027
"omega[1, 124]",0.031,0.022,0.0056,0.068,1242,701,1.00,0.00062,0.00079
"omega[1, 125]",0.074,0.039,0.022,0.14,1495,590,1.00,0.001,0.00096
"omega[1, 126]",0.291,0.161,0.075,0.58,1191,846,1.00,0.0046,0.003
"omega[1, 127]",0.065,0.038,0.017,0.13,1597,651,1.00,0.00087,0.0008
"omega[1, 128]",0.094,0.06,0.022,0.2,1478,549,1.01,0.0017,0.0022
"omega[1, 129]",0.52,0.197,0.18,0.82,888,493,1.01,0.0065,0.004
"omega[1, 130]",0.447,0.215,0.099,0.8,1985,728,1.01,0.0048,0.0026
"omega[1, 131]",0.255,0.136,0.064,0.49,1761,812,1.00,0.0032,0.0022
"omega[1, 132]",0.387,0.071,0.28,0.5,2049,714,1.00,0.0016,0.0012
"omega[1, 133]",0.25,0.102,0.1,0.43,1356,754,1.00,0.0027,0.002
"omega[1, 134]",0.354,0.131,0.17,0.59,1536,820,1.01,0.0035,0.0028
"omega[1, 135]",0.061,0.035,0.016,0.12,1241,676,1.00,0.00088,0.0008
"omega[1, 136]",0.366,0.111,0.22,0.56,1280,735,1.00,0.0032,0.0028
"omega[1, 137]",0.351,0.137,0.15,0.59,1571,841,1.00,0.0035,0.0022
"omega[1, 138]",0.245,0.07,0.15,0.37,2008,892,1.01,0.0018,0.0019
"omega[1, 139]",0.048,0.0243,0.015,0.093,1651,690,1.00,0.00059,0.00045
"omega[1, 140]",0.422,0.126,0.23,0.63,2212,659,1.00,0.0027,0.0017
"omega[1, 141]",0.062,0.044,0.013,0.13,1287,703,1.00,0.0012,0.0018
"omega[1, 142]",0.5,0.227,0.13,0.86,1488,765,1.00,0.0059,0.003
"omega[1, 143]",0.07,0.063,0.012,0.18,1139,562,1.00,0.002,0.0034
"omega[1, 144]",0.292,0.098,0.16,0.45,1502,685,1.00,0.0029,0.0031
"omega[1, 145]",0.162,0.129,0.027,0.41,1089,708,1.00,0.004,0.004
"omega[1, 146]",0.135,0.054,0.058,0.22,1696,639,1.00,0.0013,0.00093
"omega[1, 147]",0.084,0.054,0.02,0.18,1298,592,1.00,0.0015,0.0024
"omega[1, 148]",0.051,0.032,0.012,0.1,1155,690,1.00,0.00094,0.0013
"omega[1, 149]",0.056,0.031,0.015,0.11,1574,635,1.00,0.00071,0.00056
"omega[1, 150]",0.12,0.038,0.064,0.18,1815,769,1.01,0.00083,0.00058
"omega[1, 151]",0.097,0.066,0.02,0.22,1109,841,1.00,0.002,0.0024
"omega[1, 152]",0.106,0.12,0.011,0.37,801,757,1.00,0.0045,0.006
"omega[1, 153]",0.053,0.0271,0.015,0.1,1937,620,1.01,0.00058,0.00044
"omega[1, 154]",0.062,0.038,0.014,0.13,1311,663,1.00,0.00098,0.00091
"omega[1, 155]",0.085,0.046,0.023,0.17,1593,725,1.00,0.0011,0.0012
"omega[1, 156]",0.729,0.179,0.39,0.95,1853,655,1.00,0.0049,0.0041
"omega[1, 157]",0.209,0.103,0.058,0.39,1550,624,1.00,0.0025,0.0018
"omega[1, 158]",0.26,0.166,0.055,0.57,892,837,1.00,0.0054,0.0034
"omega[1, 159]",0.51,0.158,0.27,0.77,1244,726,1.00,0.0044,0.0029
"omega[1, 160]",0.893,0.083,0.73,0.98,1664,576,1.01,0.0021,0.0024
"omega[1, 161]",0.122,0.053,0.043,0.21,1261,600,1.00,0.0014,0.001
"omega[1, 162]",0.145,0.063,0.055,0.26,1117,602,1.00,0.0018,0.0015
"omega[1, 163]",0.258,0.172,0.046,0.58,1192,697,1.00,0.0049,0.0033
"omega[1, 164]",0.081,0.04,0.024,0.16,1900,677,1.00,0.00091,0.00069
"omega[1, 165]",0.034,0.024,0.0061,0.077,1505,582,1.00,0.00053,0.0005
"omega[1, 166]",0.0309,0.022,0.0058,0.073,1791,659,1.00,0.00045,0.00051
"omega[1, 167]",0.039,0.024,0.0086,0.083,1590,462,1.00,0.00056,0.00054
"omega[1, 168]",0.26,0.195,0.051,0.65,1223,932,1.00,0.0058,0.0047
"omega[1, 169]",0.488,0.108,0.31,0.66,1455,684,1.01,0.003,0.0024
"omega[1, 170]",0.064,0.035,0.019,0.13,1577,637,1.01,0.00087,0.00082
"omega[1, 171]",0.144,0.108,0.033,0.34,1007,685,1.00,0.0035,0.0047
"omega[1, 172]",0.123,0.051,0.049,0.21,1473,592,1.00,0.0013,0.0011
"omega[1, 173]",0.158,0.076,0.058,0.29,1468,829,1.00,0.002,0.0017
"omega[1, 174]",0.257,0.083,0.14,0.4,1536,685,1.00,0.0021,0.0022
"omega[1, 175]",0.23,0.19,0.043,0.68,608,334,1.00,0.0099,0.01
"omega[1, 176]",0.351,0.123,0.14,0.54,1518,607,1.00,0.0033,0.0021
"omega[1, 177]",0.297,0.086,0.17,0.44,2090,536,1.00,0.0019,0.0016
"omega[1, 178]",0.26,0.2,0.041,0.66,1064,818,1.00,0.0069,0.005
"omega[1, 179]",0.32,0.217,0.073,0.73,979,761,1.00,0.0075,0.0047
"omega[1, 180]",0.397,0.195,0.12,0.73,1685,729,1.00,0.0047,0.003
"omega[1, 181]",0.091,0.067,0.019,0.2,1335,560,1.00,0.0019,0.003
"omega[1, 182]",0.265,0.077,0.15,0.4,1696,606,1.00,0.0019,0.0014
"omega[1, 183]",0.245,0.134,0.072,0.49,1361,702,1.00,0.004,0.0032
"omega[1, 184]",0.315,0.129,0.13,0.53,1158,756,1.00,0.0038,0.0023
"omega[1, 185]",0.104,0.093,0.017,0.29,1049,715,1.00,0.0029,0.0037
"omega[1, 186]",0.061,0.047,0.011,0.14,1199,653,1.00,0.0013,0.0022
"omega[1, 187]",0.251,0.109,0.11,0.44,1105,711,1.00,0.0033,0.0033
"omega[1, 188]",0.094,0.057,0.024,0.2,1283,643,1.00,0.0014,0.0014
"omega[1, 189]",0.25,0.21,0.042,0.7,951,794,1.00,0.0076,0.0067
"omega[1, 190]",0.054,0.035,0.011,0.11,1298,535,1.01,0.00092,0.0011
"omega[1, 191]",0.04,0.028,0.0086,0.09,1061,568,1.00,0.00078,0.00091
"omega[1, 192]",0.08,0.048,0.02,0.16,1707,742,1.01,0.0012,0.0011
"omega[1, 193]",0.605,0.153,0.35,0.84,1736,536,1.01,0.0037,0.0024
"omega[1, 194]",0.084,0.04,0.027,0.16,1301,534,1.00,0.0011,0.00086
"omega[1, 195]",0.08,0.049,0.021,0.17,1534,947,1.00,0.0012,0.0013
"omega[1, 196]",0.287,0.164,0.072,0.58,1314,944,1.00,0.0045,0.0027
"omega[1, 197]",0.264,0.156,0.071,0.55,1550,844,1.00,0.0041,0.0031
"omega[1, 198]",0.256,0.126,0.084,0.48,1128,781,1.01,0.0037,0.0025
"omega[1, 199]",0.217,0.149,0.035,0.5,1115,724,1.00,0.0042,0.003
"omega[1, 200]",0.38,0.265,0.035,0.84,1088,848,1.00,0.0081,0.004
"omega[1, 201]",0.461,0.161,0.2,0.71,1782,741,1.00,0.0039,0.0024
"omega[1, 202]",0.117,0.072,0.031,0.25,1166,661,1.00,0.002,0.002
"omega[1, 203]",0.155,0.12,0.035,0.37,798,511,1.01,0.0045,0.0062
"omega[1, 204]",0.25,0.176,0.038,0.57,889,728,1.00,0.006,0.0048
"omega[1, 205]",0.177,0.14,0.029,0.46,1149,759,1.00,0.0048,0.0053
"omega[1, 206]",0.072,0.036,0.02,0.13,1461,665,1.00,0.00085,0.00069
"omega[1, 207]",0.16,0.15,0.028,0.46,851,541,1.00,0.0058,0.0074
"omega[1, 208]",0.125,0.12,0.021,0.34,890,610,1.00,0.0043,0.0069
"omega[1, 209]",0.17,0.14,0.039,0.45,1032,765,1.00,0.005,0.0063
"omega[1, 210]",0.155,0.14,0.026,0.43,1038,912,1.00,0.0047,0.0066
"omega[1, 211]",0.533,0.197,0.22,0.85,2005,731,1.00,0.004,0.0023
"omega[1, 212]",0.34,0.214,0.065,0.71,1094,805,1.00,0.0064,0.0037
"omega[1, 213]",0.132,0.116,0.015,0.37,888,709,1.00,0.0037,0.0033
"omega[1, 214]",0.103,0.053,0.032,0.2,1577,569,1.01,0.0012,0.0011
"omega[1, 215]",0.197,0.116,0.042,0.4,1667,865,1.00,0.0028,0.0017
"omega[1, 216]",0.31,0.222,0.031,0.69,836,850,1.00,0.0077,0.004
"omega[1, 217]",0.72,0.2,0.3,0.96,1786,540,1.00,0.0058,0.0051
"omega[1, 218]",0.27,0.184,0.043,0.61,995,804,1.00,0.0058,0.0041
"omega[1, 219]",0.2,0.113,0.05,0.4,1781,574,1.00,0.0026,0.0022
"omega[1, 220]",0.714,0.173,0.39,0.94,3000,612,1.00,0.0037,0.0028
"omega[1, 221]",0.072,0.041,0.019,0.14,1222,689,1.00,0.0011,0.00089
"omega[1, 222]",0.22,0.182,0.026,0.58,862,700,1.00,0.006,0.0043
"omega[1, 223]",0.349,0.098,0.2,0.51,1891,860,1.00,0.0022,0.0015
"omega[1, 224]",0.58,0.255,0.13,0.93,1188,826,1.00,0.0079,0.004
"omega[1, 225]",0.15,0.086,0.037,0.31,1718,744,1.00,0.0021,0.0018
"omega[1, 226]",0.538,0.129,0.3,0.72,2190,616,1.00,0.003,0.0021
"omega[1, 227]",0.38,0.164,0.1,0.64,914,691,1.01,0.0055,0.0031
"omega[1, 228]",0.44,0.247,0.09,0.81,704,837,1.00,0.011,0.0045
"omega[1, 229]",0.539,0.136,0.3,0.72,1557,663,1.00,0.0035,0.0029
"omega[1, 230]",0.221,0.089,0.09,0.37,1754,667,1.00,0.002,0.0013
"omega[1, 231]",0.045,0.029,0.01,0.099,1307,641,1.00,0.0007,0.0007
"omega[1, 232]",0.171,0.073,0.07,0.3,1460,739,1.00,0.0019,0.0017
"omega[1, 233]",0.269,0.095,0.16,0.45,1098,674,1.00,0.0032,0.004
"omega[1, 234]",0.114,0.057,0.036,0.21,1455,553,1.00,0.0014,0.0015
"omega[1, 235]",0.067,0.042,0.015,0.14,1409,671,1.00,0.0011,0.00096
"omega[1, 236]",0.0376,0.0206,0.0098,0.073,1451,446,1.01,0.00048,0.00049
"omega[1, 237]",0.036,0.03,0.0069,0.088,1203,855,1.00,0.00084,0.0015
"omega[1, 238]",0.042,0.025,0.0086,0.088,1419,700,1.00,0.00061,0.00055
"omega[1, 239]",0.105,0.09,0.019,0.29,1278,659,1.00,0.0026,0.0034
"omega[1, 240]",0.094,0.078,0.02,0.23,1343,718,1.00,0.0023,0.0042
"omega[1, 241]",0.226,0.084,0.11,0.37,1782,807,1.00,0.0021,0.0019
"omega[1, 242]",0.064,0.041,0.016,0.14,1393,705,1.00,0.0012,0.0014
"omega[1, 243]",0.145,0.092,0.04,0.32,1213,753,1.00,0.0026,0.0031
"omega[2, 0]",0.272,0.1,0.14,0.45,1307,860,1.00,0.003,0.0026
"omega[2, 1]",0.568,0.098,0.41,0.72,2146,948,1.00,0.0022,0.0016
"omega[2, 2]",0.2,0.16,0.037,0.52,1149,713,1.00,0.0051,0.0051
"omega[2, 3]",0.31,0.23,0.04,0.73,1151,852,1.00,0.0069,0.0042
"omega[2, 4]",0.229,0.131,0.06,0.46,1117,796,1.00,0.0037,0.003
"omega[2, 5]",0.232,0.131,0.061,0.47,1566,810,1.00,0.0032,0.0022
"omega[2, 6]",0.057,0.036,0.013,0.12,1955,817,1.00,0.00083,0.0008
"omega[2, 7]",0.088,0.052,0.024,0.19,1479,735,1.00,0.0013,0.0013
"omega[2, 8]",0.764,0.145,0.51,0.95,1264,744,1.01,0.0044,0.0042
"omega[2, 9]",0.68,0.22,0.2,0.93,967,384,1.00,0.009,0.0077
"omega[2, 10]",0.117,0.071,0.034,0.25,1166,498,1.00,0.0021,0.0027
"omega[2, 11]",0.338,0.079,0.22,0.47,1740,875,1.00,0.0019,0.0014
"omega[2, 12]",0.886,0.098,0.69,0.98,1844,642,1.00,0.003,0.0045
"omega[2, 13]",0.599,0.122,0.39,0.78,2522,691,1.00,0.0025,0.0017
"omega[2, 14]",0.23,0.16,0.053,0.56,1530,607,1.00,0.0051,0.0051
"omega[2, 15]",0.073,0.05,0.019,0.16,1472,541,1.00,0.0015,0.0044
"omega[2, 16]",0.48,0.185,0.14,0.75,1128,451,1.00,0.0061,0.0039
"omega[2, 17]",0.422,0.116,0.26,0.63,1345,671,1.00,0.0034,0.0025
"omega[2, 18]",0.441,0.159,0.15,0.68,1122,611,1.00,0.0048,0.0034
"omega[2, 19]",0.685,0.108,0.51,0.85,2028,838,1.00,0.0023,0.0018
"omega[2, 20]",0.562,0.152,0.31,0.8,1549,604,1.00,0.0039,0.0027
"omega[2, 21]",0.104,0.069,0.026,0.23,1384,685,1.00,0.002,0.0025
"omega[2, 22]",0.48,0.23,0.14,0.86,1689,850,1.00,0.0056,0.0029
"omega[2, 23]",0.082,0.048,0.019,0.17,1643,818,1.00,0.0011,0.00097
"omega[2, 24]",0.218,0.118,0.066,0.42,1430,732,1.00,0.0031,0.0024
"omega[2, 25]",0.35,0.205,0.077,0.72,1256,724,1.00,0.0058,0.0034
"omega[2, 26]",0.465,0.119,0.28,0.66,2285,657,1.00,0.0025,0.0017
"omega[2, 27]",0.59,0.266,0.12,0.93,915,520,1.00,0.0087,0.0042
"omega[2, 28]",0.71,0.23,0.26,0.96,610,554,1.00,0.012,0.0071
"omega[2, 29]",0.544,0.159,0.29,0.8,2615,663,1.00,0.0031,0.0019
"omega[2, 30]",0.655,0.112,0.47,0.83,1762,607,1.01,0.0026,0.0018
"omega[2, 31]",0.147,0.105,0.035,0.35,1038,671,1.00,0.0036,0.0043
"omega[2, 32]",0.159,0.107,0.026,0.34,867,531,1.01,0.004,0.0035
"omega[2, 33]",0.3,0.191,0.049,0.64,1180,621,1.00,0.0054,0.0038
"omega[2, 34]",0.186,0.081,0.07,0.32,2102,755,1.00,0.0018,0.0016
"omega[2, 35]",0.104,0.064,0.023,0.23,1131,604,1.00,0.0018,0.0017
"omega[2, 36]",0.242,0.102,0.11,0.43,1647,834,1.00,0.0028,0.0029
"omega[2, 37]",0.36,0.183,0.091,0.68,766,393,1.00,0.0064,0.0042
"omega[2, 38]",0.417,0.168,0.14,0.68,1335,481,1.00,0.0046,0.0028
"omega[2, 39]",0.174,0.036,0.12,0.23,1984,641,1.01,0.00081,0.00058
"omega[2, 40]",0.089,0.09,0.017,0.23,969,692,1.00,0.0036,0.0068
"omega[2, 41]",0.33,0.221,0.05,0.73,1171,812,1.00,0.0066,0.0039
"omega[2, 42]",0.46,0.267,0.068,0.87,1228,699,1.01,0.0076,0.0034
"omega[2, 43]",0.551,0.203,0.22,0.87,1654,768,1.00,0.0049,0.0027
"omega[2, 44]",0.299,0.051,0.22,0.38,2374,771,1.00,0.0011,0.00076
"omega[2, 45]",0.61,0.25,0.11,0.92,1010,570,1.01,0.009,0.0057
"omega[2, 46]",0.278,0.197,0.056,0.66,1857,823,1.00,0.0047,0.0038
"omega[2, 47]",0.34,0.203,0.071,0.71,1233,735,1.00,0.0058,0.0036
"omega[2, 48]",0.28,0.173,0.038,0.59,977,679,1.00,0.0054,0.0034
"omega[2, 49]",0.48,0.21,0.13,0.81,1936,947,1.00,0.005,0.0028
"omega[2, 50]",0.535,0.192,0.24,0.85,1504,687,1.00,0.0049,0.0028
"omega[2, 51]",0.28,0.175,0.038,0.58,889,717,1.00,0.0057,0.0032
"omega[2, 52]",0.189,0.083,0.078,0.33,1548,855,1.00,0.0022,0.0021
"omega[2, 53]",0.462,0.151,0.23,0.71,1886,778,1.00,0.0035,0.0026
"omega[2, 54]",0.064,0.049,0.011,0.16,1033,664,1.00,0.0014,0.0016
"omega[2, 55]",0.272,0.077,0.15,0.4,1780,773,1.01,0.0018,0.0013
"omega[2, 56]",0.568,0.207,0.22,0.88,2588,908,1.00,0.0042,0.0023
"omega[2, 57]",0.129,0.078,0.04,0.27,1616,767,1.00,0.0021,0.0038
"omega[2, 58]",0.223,0.125,0.055,0.45,1469,1026,1.00,0.0033,0.0025
"omega[2, 59]",0.0349,0.0207,0.0084,0.073,1899,761,1.01,0.00045,0.00036
"omega[2, 60]",0.269,0.108,0.13,0.48,1338,894,1.00,0.003,0.0028
"omega[2, 61]",0.29,0.154,0.11,0.58,961,780,1.00,0.0051,0.004
"omega[2, 62]",0.25,0.18,0.041,0.6,973,905,1.00,0.0062,0.005
"omega[2, 63]",0.56,0.228,0.18,0.9,2278,879,1.00,0.0045,0.0024
"omega[2, 64]",0.63,0.225,0.23,0.93,1367,731,1.00,0.0064,0.0034
"omega[2, 65]",0.127,0.062,0.045,0.23,1564,651,1.00,0.0015,0.0016
"omega[2, 66]",0.48,0.231,0.1,0.82,1208,529,1.00,0.0068,0.0035
"omega[2, 67]",0.52,0.222,0.14,0.86,1899,803,1.00,0.0053,0.003
"omega[2, 68]",0.873,0.088,0.69,0.98,2013,767,1.00,0.0021,0.0019
"omega[2, 69]",0.043,0.032,0.0088,0.1,1501,706,1.01,0.00084,0.0011
"omega[2, 70]",0.594,0.209,0.24,0.9,2177,725,1.00,0.0045,0.0027
"omega[2, 71]",0.18,0.15,0.032,0.49,1227,886,1.00,0.0051,0.0052
"omega[2, 72]",0.32,0.213,0.05,0.74,1107,864,1.00,0.0064,0.0041
"omega[2, 73]",0.678,0.164,0.39,0.91,2029,771,1.01,0.0036,0.0025
"omega[2, 74]",0.35,0.219,0.061,0.73,911,738,1.00,0.007,0.0039
"omega[2, 75]",0.38,0.19,0.079,0.68,980,509,1.00,0.0059,0.0032
"omega[2, 76]",0.197,0.115,0.052,0.41,1518,763,1.00,0.003,0.0026
"omega[2, 77]",0.487,0.185,0.2,0.78,1529,637,1.00,0.0046,0.0026
"omega[2, 78]",0.35,0.205,0.097,0.72,969,762,1.00,0.0068,0.0043
"omega[2, 79]",0.72,0.17,0.4,0.94,1673,784,1.00,0.0045,0.0034
"omega[2, 80]",0.55,0.234,0.16,0.89,1812,716,1.01,0.0056,0.0029
"omega[2, 81]",0.15,0.094,0.032,0.32,1424,716,1.00,0.0025,0.0018
"omega[2, 82]",0.38,0.238,0.085,0.82,1055,970,1.00,0.0074,0.0041
"omega[2, 83]",0.674,0.136,0.44,0.88,1721,729,1.01,0.0033,0.0023
"omega[2, 84]",0.265,0.155,0.066,0.56,1109,737,1.00,0.0046,0.0035
"omega[2, 85]",0.192,0.121,0.036,0.42,1432,728,1.00,0.0029,0.0021
"omega[2, 86]",0.106,0.095,0.018,0.3,1284,907,1.01,0.0032,0.0046
"omega[2, 87]",0.771,0.131,0.55,0.94,1921,846,1.00,0.0033,0.0033
"omega[2, 88]",0.502,0.207,0.15,0.84,2343,778,1.00,0.0043,0.0026
"omega[2, 89]",0.642,0.192,0.3,0.91,2102,739,1.01,0.0045,0.0032
"omega[2, 90]",0.318,0.14,0.14,0.57,1208,609,1.00,0.0045,0.0041
"omega[2, 91]",0.447,0.119,0.28,0.63,848,514,1.00,0.0045,0.0041
"omega[2, 92]",0.29,0.194,0.05,0.67,1594,583,1.00,0.0054,0.0042
"omega[2, 93]",0.46,0.093,0.33,0.63,1583,758,1.00,0.0024,0.0017
"omega[2, 94]",0.136,0.111,0.025,0.35,1197,702,1.00,0.0037,0.0048
"omega[2, 95]",0.084,0.047,0.023,0.17,1448,605,1.00,0.0012,0.001
"omega[2, 96]",0.097,0.088,0.016,0.28,1125,862,1.00,0.0028,0.0035
"omega[2, 97]",0.528,0.153,0.24,0.77,1524,573,1.00,0.0041,0.0029
"omega[2, 98]",0.144,0.065,0.059,0.26,1086,626,1.00,0.0019,0.0017
"omega[2, 99]",0.28,0.201,0.036,0.65,911,609,1.01,0.0065,0.0042
"omega[2, 100]",0.8,0.17,0.49,0.96,621,290,1.02,0.012,0.017
"omega[2, 101]",0.144,0.122,0.025,0.4,1061,812,1.00,0.0041,0.0048
"omega[2, 102]",0.26,0.207,0.025,0.65,788,750,1.00,0.007,0.0045
"omega[2, 103]",0.091,0.056,0.019,0.2,1148,542,1.00,0.0014,0.0011
"omega[2, 104]",0.699,0.185,0.38,0.94,1674,729,1.00,0.0045,0.0026
"omega[2, 105]",0.498,0.114,0.32,0.68,1477,802,1.00,0.003,0.002
"omega[2, 106]",0.43,0.2,0.14,0.79,825,616,1.00,0.0071,0.0044
"omega[2, 107]",0.306,0.129,0.098,0.51,1114,783,1.00,0.0038,0.0023
"omega[2, 108]",0.719,0.132,0.5,0.91,1534,501,1.00,0.0032,0.0026
"omega[2, 109]",0.413,0.161,0.16,0.68,1507,779,1.01,0.0041,0.0028
"omega[2, 110]",0.11,0.064,0.028,0.23,992,653,1.00,0.0019,0.0017
"omega[2, 111]",0.181,0.125,0.021,0.4,832,784,1.00,0.0043,0.0024
"omega[2, 112]",0.105,0.1,0.016,0.31,970,592,1.00,0.0032,0.0042
"omega[2, 113]",0.189,0.089,0.074,0.35,1569,817,1.00,0.0022,0.0024
"omega[2, 114]",0.162,0.069,0.064,0.28,1338,459,1.00,0.0018,0.0015
"omega[2, 115]",0.746,0.144,0.48,0.93,1884,582,1.00,0.0034,0.0031
"omega[2, 116]",0.172,0.123,0.02,0.4,810,725,1.00,0.0042,0.0034
"omega[2, 117]",0.62,0.28,0.038,0.91,187,202,1.01,0.023,0.016
"omega[2, 118]",0.554,0.18,0.25,0.84,1847,571,1.00,0.0042,0.0026
"omega[2, 119]",0.27,0.146,0.069,0.53,1738,745,1.00,0.0035,0.0023
"omega[2, 120]",0.709,0.149,0.45,0.91,1973,958,1.00,0.0034,0.0021
"omega[2, 121]",0.35,0.23,0.065,0.8,706,517,1.00,0.0085,0.0061
"omega[2, 122]",0.713,0.16,0.43,0.93,1801,675,1.01,0.0037,0.0025
"omega[2, 123]",0.783,0.095,0.63,0.92,1830,591,1.00,0.0023,0.002
"omega[2, 124]",0.492,0.099,0.34,0.64,1926,724,1.00,0.0023,0.0017
"omega[2, 125]",0.48,0.29,0.11,0.93,452,787,1.00,0.016,0.0059
"omega[2, 126]",0.375,0.142,0.16,0.6,1671,576,1.00,0.0034,0.0021
"omega[2, 127]",0.63,0.26,0.13,0.94,866,709,1.00,0.0096,0.0056
"omega[2, 128]",0.274,0.134,0.11,0.53,983,726,1.00,0.0044,0.0039
"omega[2, 129]",0.242,0.105,0.086,0.43,1331,680,1.00,0.0029,0.0023
"omega[2, 130]",0.561,0.166,0.29,0.81,2304,816,1.00,0.0035,0.0023
"omega[2, 131]",0.318,0.112,0.15,0.51,2851,843,1.00,0.0021,0.0016
"omega[2, 132]",0.107,0.07,0.021,0.23,1329,731,1.00,0.002,0.002
"omega[2, 133]",0.561,0.216,0.21,0.88,2518,696,1.00,0.0045,0.0024
"omega[2, 134]",0.28,0.23,0.034,0.73,1105,732,1.00,0.0074,0.0054
"omega[2, 135]",0.747,0.14,0.49,0.93,1465,708,1.00,0.0035,0.0029
"omega[2, 136]",0.57,0.198,0.23,0.88,1621,660,1.00,0.005,0.003
"omega[2, 137]",0.395,0.163,0.15,0.66,1822,792,1.00,0.0038,0.0023
"omega[2, 138]",0.58,0.233,0.17,0.92,1596,653,1.00,0.0062,0.0034
"omega[2, 139]",0.288,0.084,0.17,0.44,1576,795,1.00,0.0024,0.0027
"omega[2, 140]",0.554,0.212,0.2,0.88,1811,697,1.00,0.0049,0.0027
"omega[2, 141]",0.563,0.185,0.24,0.83,2018,762,1.00,0.0041,0.0023
"omega[2, 142]",0.271,0.145,0.086,0.53,1075,770,1.00,0.0046,0.0042
"omega[2, 143]",0.064,0.041,0.016,0.14,1605,796,1.00,0.0011,0.0012
"omega[2, 144]",0.41,0.167,0.2,0.73,1223,780,1.00,0.005,0.0036
"omega[2, 145]",0.43,0.273,0.066,0.87,1198,683,1.00,0.0082,0.0036
"omega[2, 146]",0.2,0.104,0.065,0.39,1704,790,1.00,0.0024,0.002
"omega[2, 147]",0.37,0.191,0.097,0.7,1456,591,1.01,0.0052,0.0032
"omega[2, 148]",0.45,0.228,0.086,0.78,865,829,1.00,0.0078,0.0036
"omega[2, 149]",0.372,0.097,0.24,0.54,1817,690,1.00,0.0024,0.0021
"omega[2, 150]",0.728,0.149,0.47,0.93,1676,695,1.00,0.0036,0.0031
"omega[2, 151]",0.71,0.19,0.33,0.94,2220,396,1.00,0.005,0.0039
"omega[2, 152]",0.314,0.139,0.11,0.55,1710,934,1.00,0.0033,0.002
"omega[2, 153]",0.43,0.175,0.2,0.78,975,527,1.00,0.0062,0.0048
"omega[2, 154]",0.206,0.115,0.064,0.41,1100,787,1.00,0.0035,0.0033
"omega[2, 155]",0.353,0.156,0.12,0.62,1482,664,1.01,0.004,0.0025
"omega[2, 156]",0.104,0.093,0.015,0.28,1205,824,1.00,0.003,0.0042
"omega[2, 157]",0.265,0.075,0.16,0.4,1795,657,1.00,0.0019,0.0015
"omega[2, 158]",0.64,0.229,0.29,0.96,721,815,1.00,0.0091,0.004
"omega[2, 159]",0.179,0.111,0.047,0.37,1071,558,1.00,0.0034,0.0037
"omega[2, 160]",0.245,0.146,0.054,0.5,1182,700,1.00,0.004,0.0027
"omega[2, 161]",0.106,0.07,0.022,0.24,1952,673,1.00,0.0017,0.0016
"omega[2, 162]",0.472,0.093,0.32,0.62,1837,886,1.00,0.0022,0.0015
"omega[2, 163]",0.104,0.09,0.017,0.26,1157,550,1.01,0.003,0.0049
"omega[2, 164]",0.49,0.215,0.17,0.85,1690,863,1.01,0.0053,0.0028
"omega[2, 165]",0.136,0.079,0.039,0.27,1158,708,1.00,0.0023,0.0027
"omega[2, 166]",0.247,0.105,0.094,0.42,1660,756,1.00,0.0026,0.0016
"omega[2, 167]",0.24,0.19,0.053,0.65,730,617,1.00,0.0079,0.0069
"omega[2, 168]",0.42,0.256,0.058,0.85,826,642,1.00,0.0086,0.0041
"omega[2, 169]",0.275,0.097,0.14,0.44,1618,750,1.00,0.0024,0.0019
"omega[2, 170]",0.231,0.137,0.048,0.49,1491,837,1.00,0.0034,0.0023
"omega[2, 171]",0.39,0.198,0.13,0.74,1210,797,1.00,0.0061,0.0039
"omega[2, 172]",0.602,0.195,0.26,0.89,1902,663,1.00,0.0046,0.0029
"omega[2, 173]",0.082,0.067,0.017,0.18,2008,899,1.00,0.0018,0.0044
"omega[2, 174]",0.33,0.191,0.071,0.66,979,665,1.00,0.0063,0.0042
"omega[2, 175]",0.414,0.172,0.14,0.69,1477,613,1.01,0.0044,0.0027
"omega[2, 176]",0.079,0.043,0.02,0.15,1298,588,1.01,0.0011,0.001
"omega[2, 177]",0.367,0.186,0.094,0.68,1457,647,1.00,0.0047,0.0026
"omega[2, 178]",0.27,0.205,0.037,0.66,1133,700,1.00,0.0062,0.0042
"omega[2, 179]",0.43,0.202,0.1,0.74,933,662,1.00,0.0066,0.0037
"omega[2, 180]",0.25,0.172,0.048,0.58,1161,821,1.00,0.0052,0.0044
"omega[2, 181]",0.44,0.233,0.11,0.82,1004,748,1.00,0.0071,0.0036
"omega[2, 182]",0.513,0.179,0.21,0.78,1847,704,1.00,0.0043,0.0026
"omega[2, 183]",0.18,0.21,0.021,0.73,576,515,1.00,0.01,0.012
"omega[2, 184]",0.211,0.099,0.084,0.39,1307,745,1.00,0.0031,0.0035
"omega[2, 185]",0.057,0.033,0.014,0.11,1528,684,1.01,0.00081,0.00074
"omega[2, 186]",0.174,0.112,0.051,0.4,1313,755,1.00,0.0031,0.0037
"omega[2, 187]",0.161,0.094,0.039,0.34,1687,815,1.00,0.0022,0.0017
"omega[2, 188]",0.688,0.174,0.35,0.91,1656,700,1.00,0.0047,0.0036
"omega[2, 189]",0.28,0.188,0.066,0.67,898,808,1.00,0.0062,0.0049
"omega[2, 190]",0.67,0.205,0.27,0.93,1393,593,1.00,0.0061,0.0044
"omega[2, 191]",0.45,0.153,0.16,0.67,1067,448,1.00,0.0051,0.0035
"omega[2, 192]",0.346,0.161,0.11,0.62,1309,609,1.00,0.0042,0.0029
"omega[2, 193]",0.232,0.111,0.096,0.44,882,560,1.00,0.0039,0.0037
"omega[2, 194]",0.109,0.097,0.015,0.3,1366,731,1.00,0.0031,0.0037
"omega[2, 195]",0.193,0.125,0.056,0.43,1054,588,1.00,0.0042,0.0049
"omega[2, 196]",0.79,0.15,0.53,0.95,944,630,1.00,0.0063,0.0078
"omega[2, 197]",0.56,0.216,0.19,0.89,1262,856,1.00,0.0062,0.0034
"omega[2, 198]",0.498,0.203,0.18,0.82,1801,765,1.00,0.0048,0.0027
"omega[2, 199]",0.127,0.09,0.03,0.3,1416,762,1.00,0.0024,0.0024
"omega[2, 200]",0.21,0.19,0.032,0.58,953,819,1.00,0.0063,0.0057
"omega[2, 201]",0.26,0.201,0.038,0.66,1341,649,1.00,0.0059,0.0044
"omega[2, 202]",0.61,0.23,0.18,0.92,1436,735,1.00,0.0061,0.0036
"omega[2, 203]",0.225,0.104,0.082,0.41,1417,749,1.00,0.0027,0.0022
"omega[2, 204]",0.088,0.063,0.018,0.2,1173,583,1.01,0.0019,0.0029
"omega[2, 205]",0.166,0.14,0.029,0.46,1126,720,1.00,0.0046,0.0052
"omega[2, 206]",0.662,0.102,0.49,0.82,3000,690,1.00,0.0019,0.0012
"omega[2, 207]",0.163,0.13,0.031,0.42,1062,662,1.00,0.0045,0.0059
"omega[2, 208]",0.125,0.11,0.022,0.33,1069,658,1.00,0.0039,0.0061
"omega[2, 209]",0.549,0.211,0.21,0.87,1806,631,1.00,0.0049,0.0028
"omega[2, 210]",0.16,0.14,0.029,0.46,833,535,1.00,0.0058,0.0073
"omega[2, 211]",0.171,0.108,0.047,0.38,1199,711,1.00,0.0031,0.004
"omega[2, 212]",0.49,0.225,0.13,0.84,1755,802,1.01,0.0053,0.0028
"omega[2, 213]",0.54,0.16,0.17,0.74,754,351,1.00,0.0078,0.0071
"omega[2, 214]",0.467,0.157,0.2,0.7,1633,784,1.00,0.0039,0.0025
"omega[2, 215]",0.38,0.225,0.077,0.77,1387,796,1.00,0.0059,0.0031
"omega[2, 216]",0.088,0.09,0.015,0.21,856,559,1.00,0.0049,0.012
"omega[2, 217]",0.29,0.179,0.057,0.62,1881,1006,1.00,0.0042,0.0026
"omega[2, 218]",0.37,0.235,0.067,0.78,1033,886,1.00,0.0079,0.0041
"omega[2, 219]",0.157,0.073,0.058,0.28,1313,750,1.00,0.0018,0.0017
"omega[2, 220]",0.355,0.17,0.13,0.66,1676,804,1.00,0.0043,0.0029
"omega[2, 221]",0.146,0.083,0.035,0.29,1210,539,1.00,0.002,0.0015
"omega[2, 222]",0.217,0.119,0.067,0.43,1180,858,1.00,0.0036,0.0034
"omega[2, 223]",0.37,0.154,0.14,0.64,1576,734,1.00,0.0039,0.0025
"omega[2, 224]",0.372,0.175,0.12,0.67,1606,672,1.01,0.0046,0.0033
"omega[2, 225]",0.303,0.153,0.093,0.58,1355,863,1.00,0.0043,0.0031
"omega[2, 226]",0.325,0.116,0.15,0.52,1957,791,1.00,0.0026,0.0017
"omega[2, 227]",0.274,0.146,0.074,0.53,2340,771,1.00,0.003,0.0021
"omega[2, 228]",0.332,0.181,0.078,0.65,1520,887,1.00,0.0048,0.0031
"omega[2, 229]",0.088,0.041,0.029,0.16,1488,653,1.00,0.001,0.00077
"omega[2, 230]",0.918,0.057,0.82,0.98,1570,730,1.00,0.0015,0.0018
"omega[2, 231]",0.165,0.1,0.049,0.33,993,685,1.00,0.0036,0.0069
"omega[2, 232]",0.37,0.259,0.051,0.8,915,860,1.00,0.0087,0.0038
"omega[2, 233]",0.282,0.101,0.15,0.45,2148,786,1.00,0.0021,0.0022
"omega[2, 234]",0.109,0.065,0.028,0.23,1301,735,1.00,0.0019,0.002
"omega[2, 235]",0.448,0.164,0.17,0.7,1467,613,1.00,0.0043,0.0029
"omega[2, 236]",0.31,0.167,0.071,0.61,1948,657,1.00,0.0036,0.0023
"omega[2, 237]",0.092,0.051,0.023,0.18,1641,555,1.00,0.0011,0.00088
"omega[2, 238]",0.319,0.162,0.09,0.6,1260,663,1.00,0.0045,0.003
"omega[2, 239]",0.69,0.208,0.29,0.94,1498,665,1.00,0.0061,0.0048
"omega[2, 240]",0.086,0.065,0.015,0.21,1354,546,1.00,0.002,0.0029
"omega[2, 241]",0.206,0.053,0.13,0.29,3000,838,1.01,0.0011,0.00093
"omega[2, 242]",0.35,0.175,0.12,0.68,1448,749,1.00,0.005,0.0038
"omega[2, 243]",0.54,0.162,0.3,0.81,1659,703,1.00,0.004,0.0023
"omega[3, 0]",0.41,0.165,0.17,0.69,1058,707,1.00,0.0053,0.0039
"omega[3, 1]",0.49,0.208,0.14,0.8,1755,792,1.01,0.005,0.0028
"omega[3, 2]",0.47,0.212,0.14,0.81,1239,801,1.00,0.0061,0.0033
"omega[3, 3]",0.264,0.102,0.13,0.44,1147,810,1.00,0.0028,0.0027
"omega[3, 4]",0.276,0.132,0.12,0.53,1865,848,1.00,0.0035,0.0035
"omega[3, 5]",0.249,0.133,0.056,0.47,1099,742,1.00,0.0039,0.0024
"omega[3, 6]",0.321,0.079,0.21,0.46,1296,502,1.01,0.0023,0.002
"omega[3, 7]",0.54,0.247,0.14,0.9,1882,741,1.00,0.0057,0.0028
"omega[3, 8]",0.398,0.076,0.28,0.52,2182,749,1.00,0.0016,0.0012
"omega[3, 9]",0.109,0.082,0.02,0.26,865,646,1.00,0.0029,0.0039
"omega[3, 10]",0.67,0.197,0.31,0.93,1762,586,1.00,0.0054,0.004
"omega[3, 11]",0.3,0.085,0.19,0.45,1425,816,1.00,0.0023,0.0023
"omega[3, 12]",0.29,0.12,0.16,0.49,550,294,1.01,0.0076,0.012
"omega[3, 13]",0.545,0.169,0.28,0.82,2065,814,1.00,0.0037,0.0022
"omega[3, 14]",0.767,0.147,0.49,0.95,1610,732,1.00,0.0039,0.0029
"omega[3, 15]",0.262,0.079,0.15,0.4,2025,761,1.00,0.0019,0.002
"omega[3, 16]",0.33,0.156,0.087,0.58,890,642,1.01,0.0051,0.0033
"omega[3, 17]",0.444,0.163,0.18,0.71,1078,694,1.00,0.0049,0.0031
"omega[3, 18]",0.152,0.104,0.03,0.34,1921,707,1.00,0.0027,0.0031
"omega[3, 19]",0.314,0.164,0.092,0.61,1431,647,1.00,0.0043,0.0033
"omega[3, 20]",0.409,0.153,0.17,0.66,1568,539,1.01,0.0037,0.0024
"omega[3, 21]",0.236,0.067,0.13,0.35,2051,683,1.00,0.0015,0.0012
"omega[3, 22]",0.8,0.163,0.47,0.98,817,718,1.00,0.0062,0.0048
"omega[3, 23]",0.54,0.215,0.19,0.87,1071,769,1.00,0.0067,0.0036
"omega[3, 24]",0.253,0.153,0.052,0.53,1439,805,1.00,0.0038,0.0028
"omega[3, 25]",0.28,0.197,0.054,0.67,1005,946,1.00,0.0062,0.0047
"omega[3, 26]",0.65,0.179,0.33,0.9,1358,587,1.01,0.0056,0.0044
"omega[3, 27]",0.303,0.188,0.057,0.64,1860,698,1.00,0.0048,0.0035
"omega[3, 28]",0.678,0.119,0.46,0.84,1661,756,1.01,0.003,0.0024
"omega[3, 29]",0.452,0.22,0.09,0.81,2641,852,1.00,0.0043,0.0024
"omega[3, 30]",0.306,0.073,0.2,0.43,1994,671,1.00,0.0018,0.0013
"omega[3, 31]",0.64,0.191,0.28,0.89,1509,693,1.00,0.0055,0.0038
"omega[3, 32]",0.46,0.187,0.16,0.76,891,678,1.00,0.0062,0.0038
"omega[3, 33]",0.186,0.124,0.049,0.43,1589,807,1.00,0.0037,0.0043
"omega[3, 34]",0.133,0.079,0.037,0.29,1263,725,1.00,0.0022,0.0019
"omega[3, 35]",0.283,0.091,0.14,0.43,1137,852,1.00,0.0027,0.002
"omega[3, 36]",0.419,0.081,0.3,0.56,1979,787,1.01,0.0018,0.0014
"omega[3, 37]",0.49,0.188,0.21,0.83,1272,660,1.00,0.0054,0.0033
"omega[3, 38]",0.548,0.118,0.37,0.73,944,535,1.00,0.0046,0.0045
"omega[3, 39]",0.63,0.226,0.22,0.93,1397,660,1.00,0.0062,0.0036
"omega[3, 40]",0.328,0.129,0.14,0.55,1592,702,1.00,0.0033,0.0025
"omega[3, 41]",0.33,0.225,0.048,0.74,1303,839,1.00,0.0063,0.0037
"omega[3, 42]",0.36,0.188,0.086,0.7,1580,792,1.00,0.0045,0.0029
"omega[3, 43]",0.428,0.16,0.2,0.7,1489,803,1.00,0.0041,0.0025
"omega[3, 44]",0.776,0.16,0.45,0.96,1970,694,1.00,0.004,0.0033
"omega[3, 45]",0.543,0.186,0.24,0.85,1831,623,1.00,0.0043,0.0025
"omega[3, 46]",0.214,0.122,0.068,0.45,1762,776,1.00,0.003,0.0027
"omega[3, 47]",0.222,0.1,0.1,0.4,1064,698,1.01,0.0039,0.0054
"omega[3, 48]",0.19,0.124,0.034,0.41,1159,680,1.00,0.0037,0.003
"omega[3, 49]",0.32,0.173,0.079,0.63,1944,709,1.00,0.004,0.0027
"omega[3, 50]",0.77,0.15,0.51,0.95,1342,662,1.00,0.0051,0.0055
"omega[3, 51]",0.221,0.112,0.054,0.4,1197,805,1.00,0.0031,0.0022
"omega[3, 52]",0.34,0.226,0.055,0.77,1623,853,1.00,0.0057,0.0035
"omega[3, 53]",0.45,0.174,0.21,0.75,882,839,1.00,0.006,0.0036
"omega[3, 54]",0.36,0.127,0.18,0.58,2088,954,1.00,0.0029,0.0021
"omega[3, 55]",0.56,0.23,0.17,0.9,1838,588,1.00,0.0057,0.003
"omega[3, 56]",0.57,0.214,0.21,0.9,1916,396,1.00,0.0051,0.003
"omega[3, 57]",0.55,0.29,0.093,0.94,734,514,1.01,0.011,0.0045
"omega[3, 58]",0.411,0.158,0.17,0.68,1290,794,1.00,0.0043,0.0029
"omega[3, 59]",0.891,0.072,0.75,0.98,1330,732,1.00,0.0017,0.0014
"omega[3, 60]",0.356,0.089,0.22,0.51,2340,819,1.00,0.002,0.0015
"omega[3, 61]",0.741,0.136,0.49,0.92,1377,742,1.00,0.0035,0.0029
"omega[3, 62]",0.31,0.16,0.12,0.65,742,354,1.00,0.0075,0.0069
"omega[3, 63]",0.47,0.251,0.1,0.87,1250,780,1.01,0.0069,0.0032
"omega[3, 64]",0.45,0.238,0.11,0.85,1800,846,1.00,0.0054,0.0027
"omega[3, 65]",0.589,0.082,0.46,0.72,3000,730,1.00,0.0015,0.0011
"omega[3, 66]",0.46,0.242,0.11,0.88,1575,723,1.00,0.0064,0.0033
"omega[3, 67]",0.204,0.101,0.06,0.37,1364,638,1.00,0.0026,0.0018
"omega[3, 68]",0.654,0.134,0.41,0.83,2147,698,1.00,0.0037,0.0036
"omega[3, 69]",0.226,0.044,0.16,0.3,2091,470,1.00,0.00095,0.00075
"omega[3, 70]",0.587,0.199,0.24,0.88,2554,503,1.00,0.0042,0.0027
"omega[3, 71]",0.317,0.147,0.15,0.62,1293,928,1.00,0.0046,0.0043
"omega[3, 72]",0.27,0.14,0.12,0.54,975,600,1.00,0.0051,0.0058
"omega[3, 73]",0.54,0.227,0.16,0.87,2030,657,1.00,0.0052,0.0028
"omega[3, 74]",0.39,0.23,0.084,0.8,1379,776,1.00,0.0062,0.0036
"omega[3, 75]",0.395,0.164,0.18,0.68,1203,980,1.00,0.0045,0.0028
"omega[3, 76]",0.3,0.13,0.14,0.54,794,524,1.00,0.0057,0.0071
"omega[3, 77]",0.52,0.221,0.15,0.86,2811,707,1.00,0.0044,0.0025
"omega[3, 78]",0.4,0.19,0.17,0.78,786,556,1.01,0.0074,0.0055
"omega[3, 79]",0.52,0.192,0.23,0.84,953,673,1.00,0.0061,0.0035
"omega[3, 80]",0.56,0.153,0.37,0.87,885,473,1.00,0.0059,0.004
"omega[3, 81]",0.227,0.131,0.055,0.47,1296,764,1.00,0.0037,0.0028
"omega[3, 82]",0.34,0.17,0.14,0.71,1029,608,1.00,0.0061,0.0054
"omega[3, 83]",0.395,0.138,0.18,0.62,1189,931,1.00,0.004,0.0025
"omega[3, 84]",0.178,0.096,0.051,0.35,2228,794,1.00,0.0019,0.0015
"omega[3, 85]",0.259,0.153,0.062,0.55,1793,759,1.00,0.0038,0.0028
"omega[3, 86]",0.45,0.219,0.13,0.8,723,718,1.00,0.0081,0.0042
"omega[3, 87]",0.772,0.169,0.44,0.96,1649,828,1.01,0.0047,0.0039
"omega[3, 88]",0.55,0.226,0.17,0.88,1592,570,1.00,0.0058,0.0032
"omega[3, 89]",0.39,0.202,0.1,0.73,1357,834,1.00,0.0054,0.0031
"omega[3, 90]",0.638,0.203,0.27,0.92,2197,880,1.00,0.0047,0.0028
"omega[3, 91]",0.699,0.162,0.41,0.93,2540,614,1.00,0.0034,0.0024
"omega[3, 92]",0.376,0.149,0.17,0.64,1818,746,1.00,0.0036,0.0027
"omega[3, 93]",0.378,0.131,0.2,0.6,1795,609,1.00,0.0036,0.0032
"omega[3, 94]",0.261,0.044,0.2,0.34,1658,827,1.00,0.0011,0.00085
"omega[3, 95]",0.364,0.061,0.27,0.46,2093,726,1.00,0.0013,0.00086
"omega[3, 96]",0.36,0.224,0.061,0.75,1072,834,1.00,0.0069,0.0036
"omega[3, 97]",0.318,0.166,0.077,0.61,1494,531,1.01,0.0042,0.0028
"omega[3, 98]",0.58,0.13,0.38,0.8,1805,442,1.00,0.0031,0.0023
"omega[3, 99]",0.318,0.092,0.18,0.47,2474,756,1.00,0.0018,0.0013
"omega[3, 100]",0.6,0.107,0.43,0.78,1666,805,1.00,0.0026,0.0018
"omega[3, 101]",0.44,0.226,0.16,0.83,1041,989,1.00,0.0072,0.0037
"omega[3, 102]",0.474,0.168,0.21,0.74,1329,788,1.01,0.0046,0.0027
"omega[3, 103]",0.29,0.146,0.073,0.53,1202,529,1.00,0.004,0.0028
"omega[3, 104]",0.256,0.113,0.09,0.44,1461,825,1.00,0.0029,0.0019
"omega[3, 105]",0.261,0.132,0.072,0.49,1547,841,1.00,0.0032,0.0021
"omega[3, 106]",0.201,0.139,0.042,0.46,1411,879,1.00,0.0041,0.0043
"omega[3, 107]",0.89,0.074,0.76,0.98,1734,815,1.00,0.0019,0.0021
"omega[3, 108]",0.367,0.109,0.22,0.56,1754,773,1.00,0.0027,0.0022
"omega[3, 109]",0.0313,0.0205,0.0072,0.069,1706,619,1.01,0.00043,0.00043
"omega[3, 110]",0.174,0.092,0.047,0.34,1108,451,1.00,0.0025,0.0019
"omega[3, 111]",0.378,0.107,0.23,0.57,1720,796,1.00,0.0027,0.002
"omega[3, 112]",0.19,0.14,0.05,0.47,816,601,1.00,0.0056,0.0062
"omega[3, 113]",0.3,0.174,0.076,0.62,1237,874,1.00,0.0054,0.0041
"omega[3, 114]",0.472,0.184,0.18,0.77,1865,720,1.00,0.0042,0.0026
"omega[3, 115]",0.555,0.143,0.34,0.8,1110,694,1.00,0.0043,0.0027
"omega[3, 116]",0.245,0.104,0.096,0.43,1318,685,1.01,0.0028,0.0022
"omega[3, 117]",0.27,0.17,0.098,0.68,735,312,1.00,0.009,0.011
"omega[3, 118]",0.243,0.109,0.076,0.44,1924,652,1.00,0.0023,0.0017
"omega[3, 119]",0.19,0.13,0.048,0.38,1360,821,1.00,0.0043,0.0074
"omega[3, 120]",0.4,0.191,0.11,0.72,1165,762,1.01,0.0057,0.0035
"omega[3, 121]",0.748,0.145,0.48,0.94,2102,650,1.00,0.0033,0.0024
"omega[3, 122]",0.546,0.217,0.19,0.88,2686,728,1.00,0.0043,0.0024
"omega[3, 123]",0.291,0.103,0.15,0.48,1026,559,1.00,0.0032,0.0028
"omega[3, 124]",0.44,0.236,0.13,0.86,1317,833,1.00,0.0068,0.0036
"omega[3, 125]",0.34,0.207,0.063,0.72,1464,702,1.00,0.0052,0.0033
"omega[3, 126]",0.74,0.15,0.44,0.92,676,548,1.00,0.0064,0.0058
"omega[3, 127]",0.601,0.141,0.4,0.85,1198,694,1.00,0.0042,0.0026
"omega[3, 128]",0.391,0.13,0.21,0.61,1375,733,1.00,0.0037,0.003
"omega[3, 129]",0.537,0.167,0.28,0.81,2057,723,1.00,0.0037,0.0023
"omega[3, 130]",0.58,0.208,0.22,0.88,1616,790,1.00,0.0052,0.0029
"omega[3, 131]",0.559,0.221,0.2,0.89,1898,724,1.00,0.0049,0.0026
"omega[3, 132]",0.52,0.204,0.18,0.83,1698,842,1.01,0.0053,0.003
"omega[3, 133]",0.354,0.155,0.13,0.63,1711,726,1.00,0.0038,0.0026
"omega[3, 134]",0.47,0.197,0.17,0.8,1476,798,1.01,0.0052,0.003
"omega[3, 135]",0.455,0.143,0.24,0.7,1164,762,1.00,0.0042,0.0031
"omega[3, 136]",0.56,0.152,0.34,0.83,1623,873,1.00,0.0039,0.0024
"omega[3, 137]",0.55,0.206,0.24,0.88,1307,827,1.00,0.0055,0.0029
"omega[3, 138]",0.512,0.221,0.14,0.86,2413,585,1.01,0.0046,0.0025
"omega[3, 139]",0.54,0.198,0.23,0.86,1601,595,1.00,0.005,0.0029
"omega[3, 140]",0.61,0.204,0.24,0.91,2701,688,1.00,0.0043,0.0028
"omega[3, 141]",0.295,0.148,0.091,0.54,1695,787,1.00,0.0035,0.0025
"omega[3, 142]",0.6,0.222,0.21,0.9,1556,741,1.00,0.0059,0.0033
"omega[3, 143]",0.246,0.083,0.13,0.4,1583,678,1.00,0.0021,0.0021
"omega[3, 144]",0.677,0.117,0.5,0.88,1435,606,1.00,0.0031,0.002
"omega[3, 145]",0.31,0.07,0.21,0.42,1886,852,1.00,0.0016,0.0014
"omega[3, 146]",0.524,0.205,0.18,0.84,2094,719,1.01,0.0045,0.0026
"omega[3, 147]",0.628,0.152,0.38,0.85,1895,984,1.00,0.0034,0.0022
"omega[3, 148]",0.869,0.08,0.73,0.97,1468,668,1.00,0.0021,0.0019
"omega[3, 149]",0.52,0.189,0.23,0.83,1426,724,1.00,0.0051,0.0029
"omega[3, 150]",0.79,0.15,0.53,0.96,1214,491,1.00,0.0064,0.0072
"omega[3, 151]",0.43,0.094,0.28,0.57,1570,681,1.00,0.0025,0.0017
"omega[3, 152]",0.512,0.189,0.21,0.8,2291,750,1.00,0.0039,0.0022
"omega[3, 153]",0.72,0.18,0.38,0.95,1573,494,1.00,0.0056,0.005
"omega[3, 154]",0.49,0.287,0.13,0.94,586,675,1.00,0.013,0.0049
"omega[3, 155]",0.353,0.149,0.15,0.62,1462,787,1.00,0.004,0.0028
"omega[3, 156]",0.333,0.154,0.11,0.61,1506,697,1.00,0.0037,0.0026
"omega[3, 157]",0.214,0.105,0.071,0.4,1502,730,1.00,0.0028,0.0027
"omega[3, 158]",0.277,0.146,0.082,0.55,1455,672,1.00,0.0037,0.0028
"omega[3, 159]",0.42,0.115,0.25,0.62,1474,854,1.00,0.0031,0.0022
"omega[3, 160]",0.845,0.11,0.66,0.97,1677,784,1.00,0.0032,0.0051
"omega[3, 161]",0.55,0.229,0.16,0.89,2092,584,1.00,0.005,0.0027
"omega[3, 162]",0.247,0.12,0.072,0.45,1590,819,1.00,0.0029,0.0021
"omega[3, 163]",0.15,0.056,0.073,0.24,1380,750,1.00,0.0014,0.0015
"omega[3, 164]",0.6,0.208,0.24,0.9,1806,859,1.00,0.005,0.0028
"omega[3, 165]",0.212,0.1,0.079,0.39,1505,724,1.00,0.0026,0.0024
"omega[3, 166]",0.435,0.189,0.14,0.77,1773,594,1.00,0.0044,0.0027
"omega[3, 167]",0.447,0.108,0.27,0.61,1422,612,1.00,0.0031,0.0022
"omega[3, 168]",0.36,0.145,0.19,0.64,1386,673,1.00,0.0046,0.0041
"omega[3, 169]",0.72,0.169,0.43,0.94,1209,606,1.01,0.0054,0.0044
"omega[3, 170]",0.285,0.123,0.11,0.5,1420,721,1.00,0.0031,0.0023
"omega[3, 171]",0.38,0.189,0.14,0.75,910,691,1.00,0.0067,0.0049
"omega[3, 172]",0.404,0.193,0.14,0.73,1760,964,1.00,0.0046,0.0029
"omega[3, 173]",0.65,0.207,0.28,0.93,1627,640,1.01,0.0055,0.0036
"omega[3, 174]",0.477,0.226,0.11,0.84,2348,756,1.01,0.0046,0.0025
"omega[3, 175]",0.294,0.171,0.066,0.61,1320,562,1.00,0.0047,0.0036
"omega[3, 176]",0.342,0.074,0.23,0.47,3000,810,1.00,0.0014,0.00096
"omega[3, 177]",0.116,0.046,0.048,0.19,1413,614,1.00,0.0012,0.0011
"omega[3, 178]",0.27,0.17,0.073,0.62,1309,843,1.00,0.0053,0.005
"omega[3, 179]",0.5,0.229,0.13,0.85,1406,657,1.01,0.0061,0.0032
"omega[3, 180]",0.301,0.128,0.13,0.52,2083,710,1.01,0.0028,0.0022
"omega[3, 181]",0.563,0.213,0.21,0.89,1991,874,1.00,0.0047,0.0025
"omega[3, 182]",0.443,0.179,0.17,0.73,1429,611,1.00,0.0047,0.0028
"omega[3, 183]",0.45,0.2,0.16,0.81,1290,756,1.00,0.0056,0.0034
"omega[3, 184]",0.51,0.224,0.16,0.87,2010,822,1.00,0.0051,0.0028
"omega[3, 185]",0.259,0.092,0.14,0.43,1585,799,1.00,0.0027,0.0026
"omega[3, 186]",0.281,0.053,0.2,0.37,1913,814,1.00,0.0012,0.001
"omega[3, 187]",0.468,0.191,0.17,0.79,2080,693,1.00,0.0042,0.0026
"omega[3, 188]",0.47,0.202,0.19,0.84,1868,674,1.00,0.0052,0.003
"omega[3, 189]",0.651,0.188,0.31,0.91,1870,787,1.00,0.0047,0.0034
"omega[3, 190]",0.281,0.096,0.16,0.45,1570,766,1.00,0.0025,0.0023
"omega[3, 191]",0.276,0.083,0.15,0.41,1694,769,1.00,0.002,0.0014
"omega[3, 192]",0.591,0.154,0.32,0.8,2366,755,1.00,0.0036,0.0025
"omega[3, 193]",0.49,0.194,0.16,0.78,1349,706,1.00,0.0054,0.0032
"omega[3, 194]",0.329,0.059,0.24,0.43,2438,703,1.00,0.0012,0.00093
"omega[3, 195]",0.45,0.216,0.13,0.85,1100,914,1.00,0.0066,0.0038
"omega[3, 196]",0.57,0.191,0.25,0.86,1364,622,1.00,0.0054,0.0031
"omega[3, 197]",0.492,0.201,0.2,0.82,1789,803,1.00,0.0048,0.0025
"omega[3, 198]",0.51,0.228,0.13,0.87,1212,611,1.00,0.0064,0.0035
"omega[3, 199]",0.162,0.123,0.024,0.4,1282,946,1.00,0.0034,0.0029
"omega[3, 200]",0.194,0.089,0.09,0.35,1235,686,1.00,0.0028,0.0044
"omega[3, 201]",0.57,0.217,0.21,0.91,2117,877,1.00,0.0049,0.0027
"omega[3, 202]",0.169,0.104,0.038,0.36,1762,748,1.00,0.0024,0.002
"omega[3, 203]",0.771,0.171,0.43,0.97,1951,821,1.00,0.0047,0.0041
"omega[3, 204]",0.282,0.072,0.19,0.41,1364,913,1.00,0.002,0.0018
"omega[3, 205]",0.291,0.095,0.16,0.44,1091,677,1.01,0.0031,0.0033
"omega[3, 206]",0.099,0.056,0.02,0.2,1030,812,1.00,0.0017,0.0011
"omega[3, 207]",0.4,0.17,0.17,0.7,1052,897,1.00,0.0054,0.0039
"omega[3, 208]",0.378,0.136,0.21,0.64,1044,720,1.00,0.0046,0.0038
"omega[3, 209]",0.217,0.1,0.11,0.37,1029,475,1.01,0.0046,0.009
"omega[3, 210]",0.292,0.075,0.18,0.42,1803,910,1.00,0.0018,0.0014
"omega[3, 211]",0.492,0.183,0.22,0.81,1918,764,1.00,0.0041,0.0026
"omega[3, 212]",0.093,0.1,0.016,0.23,915,680,1.00,0.0039,0.0094
"omega[3, 213]",0.087,0.067,0.018,0.22,1338,761,1.00,0.0018,0.0021
"omega[3, 214]",0.09,0.06,0.021,0.2,1006,697,1.00,0.0019,0.0018
"omega[3, 215]",0.624,0.198,0.3,0.91,2528,731,1.00,0.004,0.0023
"omega[3, 216]",0.38,0.215,0.069,0.73,978,805,1.00,0.0069,0.0034
"omega[3, 217]",0.67,0.209,0.28,0.93,2228,793,1.00,0.0053,0.0036
"omega[3, 218]",0.225,0.138,0.056,0.47,1153,768,1.00,0.0042,0.0038
"omega[3, 219]",0.116,0.057,0.039,0.22,1396,582,1.00,0.0014,0.0011
"omega[3, 220]",0.63,0.204,0.25,0.9,909,507,1.00,0.0075,0.0048
"omega[3, 221]",0.142,0.094,0.03,0.33,889,666,1.00,0.0035,0.0029
"omega[3, 222]",0.61,0.229,0.22,0.93,1908,756,1.00,0.0054,0.0028
"omega[3, 223]",0.429,0.224,0.095,0.81,1989,838,1.00,0.0049,0.0027
"omega[3, 224]",0.48,0.208,0.12,0.78,688,423,1.00,0.0083,0.0046
"omega[3, 225]",0.448,0.199,0.13,0.78,1645,707,1.00,0.0048,0.0028
"omega[3, 226]",0.741,0.137,0.5,0.94,1749,805,1.00,0.0033,0.0023
"omega[3, 227]",0.495,0.187,0.18,0.77,1510,656,1.01,0.0049,0.0028
"omega[3, 228]",0.56,0.195,0.21,0.84,1079,771,1.00,0.0062,0.0035
"omega[3, 229]",0.54,0.205,0.24,0.87,1559,877,1.00,0.0052,0.0026
"omega[3, 230]",0.58,0.242,0.15,0.91,1615,907,1.00,0.0062,0.0033
"omega[3, 231]",0.47,0.196,0.17,0.81,1397,724,1.00,0.0051,0.0032
"omega[3, 232]",0.26,0.127,0.085,0.49,1404,446,1.00,0.0035,0.0028
"omega[3, 233]",0.2,0.069,0.1,0.32,1292,774,1.00,0.0019,0.0013
"omega[3, 234]",0.173,0.084,0.044,0.32,1425,539,1.00,0.0021,0.0015
"omega[3, 235]",0.351,0.173,0.11,0.65,1984,916,1.00,0.004,0.0027
"omega[3, 236]",0.53,0.228,0.17,0.87,2066,477,1.00,0.0051,0.0027
"omega[3, 237]",0.103,0.064,0.022,0.22,1483,728,1.00,0.0015,0.0013
"omega[3, 238]",0.72,0.202,0.3,0.96,1131,699,1.00,0.0063,0.0045
"omega[3, 239]",0.759,0.16,0.45,0.95,2720,854,1.00,0.0037,0.0031
"omega[3, 240]",0.406,0.109,0.24,0.6,1929,753,1.00,0.0026,0.0019
"omega[3, 241]",0.16,0.067,0.065,0.28,1237,716,1.00,0.0019,0.0014
"omega[3, 242]",0.064,0.04,0.014,0.14,1613,667,1.00,0.00091,0.00087
"omega[3, 243]",0.3,0.22,0.076,0.81,790,608,1.00,0.0086,0.0076
